¿ª½±ÈÕÆÚ,ÆÚºÅ,ºì1,ºì2,ºì3,ºì4,ºì5,ºì6,À¶,ÏúÊÛ¶î(Ôª),Ò»µÈ½±,¶þµÈ½±,Ò»µÈ½±·Ö²¼µØÇø
2012/12/13,2012147,2,12,15,23,24,32,9,"330,613,366",8,170,¾© ¼½ ¸Ó Ïæ
2012/12/11,2012146,1,5,7,13,29,32,13,"320,313,400",5,107,ÁÉ Íî ÔÁ ´¨
2012/12/9,2012145,5,20,26,27,28,33,3,"349,657,358",5,112,Â³ Ïæ ÔÁ ¹ð
2012/12/6,2012144,3,10,12,13,27,30,4,"326,127,870",25,125,ÃÉ ÁÉ »¦ ËÕ
2012/12/4,2012143,7,8,18,25,30,32,6,"322,260,704",12,130,ÃÉ ºÚ »¦ ËÕ
2012/12/2,2012142,5,18,22,28,29,31,6,"355,971,618",13,80,¼½ »¦ Íî Ãö
2012/11/29,2012141,3,5,8,19,20,27,9,"331,745,670",27,211,½ò ¼½ ½ú ÁÉ
2012/11/27,2012140,14,18,27,30,31,33,15,"328,890,054",9,188,¾© ¼½ ºÚ Õã
2012/11/25,2012139,8,19,21,24,28,31,15,"359,675,456",6,62,ÁÉ ¼ª ËÕ Â³
2012/11/22,2012138,1,7,16,17,19,21,14,"322,213,636",4,109,ËÕ Â³ ¶õ ´¨
2012/11/20,2012137,1,2,4,6,13,17,7,"323,374,784",6,34,¼½ ÉÂ ÐÂ
2012/11/18,2012136,2,7,8,17,21,28,11,"370,704,246",37,155,¾© ÁÉ ¼ª ºÚ
2012/11/15,2012135,2,5,7,8,11,17,16,"334,488,518",5,96,µá
2012/11/13,2012134,2,5,6,7,13,23,15,"331,006,688",1,84,ºÚ
2012/11/11,2012133,1,8,11,20,21,29,2,"364,736,358",9,210,½ò ½ú Õã Ãö
2012/11/8,2012132,7,12,16,17,21,25,10,"332,827,106",11,92,ÁÉ ºÚ »¦ Íî
2012/11/6,2012131,6,18,19,26,28,32,12,"334,407,788",21,207,¾© ¼ª ºÚ Õã
2012/11/4,2012130,1,3,15,20,22,31,3,"355,629,806",3,59,»¦ ÔÁ Çí
2012/11/1,2012129,1,7,9,17,21,29,1,"331,737,426",2,92,»¦ Õã
2012/10/30,2012128,5,9,12,29,30,31,5,"322,643,800",9,135,¼ª ËÕ Õã ¶õ
2012/10/28,2012127,1,9,11,21,26,32,8,"373,363,120",9,95,¾© ÃÉ ËÕ Õã
2012/10/25,2012126,3,5,12,15,23,24,7,"336,798,500",15,169,ÃÉ »¦ ËÕ Õã
2012/10/23,2012125,8,12,13,26,29,33,1,"337,488,334",20,244,¼½ ÃÉ Ãö Ïæ
2012/10/21,2012124,6,7,21,25,27,33,11,"369,201,172",5,158,ÃÉ Õã ÔÁ ¸Ê
2012/10/18,2012123,8,10,16,25,28,33,9,"334,799,840",11,78,¾© ¼ª ºÚ Ïæ
2012/10/16,2012122,12,13,19,22,28,29,11,"325,004,070",6,100,½ú ËÕ Õã Ãö
2012/10/14,2012121,1,7,8,20,23,24,11,"355,530,542",6,124,ÁÉ Õã ¸Ó ¶õ
2012/10/11,2012120,1,4,20,24,28,29,16,"311,866,338",2,77,Õã
2012/10/9,2012119,12,20,25,26,27,28,13,"321,919,326",50,85,¾© ¼½ ½ú ÃÉ
2012/10/7,2012118,5,6,7,12,15,28,11,"352,094,796",12,166,¼½ ÁÉ ¼ª ºÚ
2012/10/4,2012117,13,15,18,20,24,28,9,"285,909,300",8,108,½ò ¼½ ÁÉ Õã
2012/10/2,2012116,3,21,26,29,31,32,3,"270,974,690",3,44,¾© ºÚ ÔÁ
2012/9/30,2012115,3,8,20,24,26,32,14,"330,478,202",7,86,¾© ¼ª Õã Â³
2012/9/27,2012114,1,6,11,26,27,29,15,"323,638,620",3,115,ËÕ ÔÁ ÐÂ
2012/9/25,2012113,3,6,9,13,18,32,6,"321,721,194",13,162,¾© ½ú ÁÉ »¦
2012/9/23,2012112,8,15,20,21,27,31,6,"365,453,898",34,203,¼½ ½ú ÃÉ ÁÉ
2012/9/20,2012111,2,9,10,20,22,31,13,"334,284,550",3,127,¾© Íî
2012/9/18,2012110,3,7,10,13,22,32,9,"327,652,012",16,218,¾© Ãö Ô¥ ¶õ
2012/9/16,2012109,2,12,24,26,29,31,3,"366,377,520",6,93,Õã ´¨ µá ÉÂ
2012/9/13,2012108,1,9,12,13,19,28,13,"329,301,702",8,139,ÁÉ »¦ ËÕ Ô¥
2012/9/11,2012107,11,12,15,24,25,31,9,"325,537,564",13,127,ÃÉ ºÚ »¦ ËÕ
2012/9/9,2012106,13,14,20,22,23,32,16,"368,837,242",7,72,¼½ Õã Ãö ¸Ó
2012/9/6,2012105,6,13,14,15,17,30,4,"332,112,822",8,110,ÁÉ ËÕ Õã ¸Ó
2012/9/4,2012104,4,5,9,10,19,28,3,"326,123,048",20,176,¾© ÃÉ ÁÉ Õã
2012/9/2,2012103,4,9,11,14,32,33,2,"364,812,438",6,80,»¦ Õã ÔÁ ¹ó
2012/8/30,2012102,13,25,27,28,29,30,15,"330,626,818",4,122,Â³ Ïæ ÉÂ
2012/8/28,2012101,9,12,17,18,20,33,2,"332,762,926",4,61,Õã Â³ ¸Ê
2012/8/26,2012100,5,7,15,18,25,33,10,"365,221,470",7,150,Íî Â³ ÔÁ ¹ð
2012/8/23,2012099,8,12,15,16,21,27,16,"334,215,270",8,137,»¦ ËÕ Õã ¶õ
2012/8/21,2012098,2,12,19,26,29,31,9,"328,680,072",12,107,Õã Ô¥ ÔÁ ÉîÛÚ
2012/8/19,2012097,5,8,13,14,19,22,6,"362,228,722",14,240,¾© »¦ Íî Ô¥
2012/8/16,2012096,4,7,11,16,29,33,7,"324,279,054",11,124,¾© ¼½ ¼ª Õã
2012/8/14,2012095,17,24,27,28,29,30,2,"324,870,412",3,92,ÃÉ ºÚ ÐÂ
2012/8/12,2012094,6,9,14,16,23,33,15,"360,208,214",3,120,ÃÉ ÔÁ Óå
2012/8/9,2012093,3,5,19,21,24,33,13,"324,000,944",5,68,Õã Â³ Ô¥ ÔÁ
2012/8/7,2012092,6,13,17,18,28,32,3,"323,643,554",10,218,¾© ¼½ ºÚ »¦
2012/8/5,2012091,1,5,7,8,19,21,16,"363,226,218",7,198,¾© ºÚ »¦ Õã
2012/8/2,2012090,2,13,20,25,29,30,11,"329,354,360",8,67,¾© ¼ª Õã Â³
2012/7/31,2012089,3,7,10,13,14,25,11,"323,395,064",11,111,¾© ½ú Ãö ÔÁ
2012/7/29,2012088,3,5,23,24,27,31,15,"363,501,734",6,122,¼ª Ãö ¶õ ÉîÛÚ
2012/7/26,2012087,3,10,11,13,14,22,9,"333,397,892",5,125,ÃÉ ÁÉ Â³ µá
2012/7/24,2012086,8,9,13,15,22,23,8,"329,772,984",14,209,¾© ½ú ºÚ Õã
2012/7/22,2012085,5,17,24,30,31,33,5,"365,440,332",9,108,ÃÉ ÁÉ »¦ Õã
2012/7/19,2012084,2,10,20,26,28,29,14,"340,543,862",6,100,ÁÉ ºÚ Íî Â³
2012/7/17,2012083,4,9,14,15,26,33,4,"337,785,246",7,180,¾© Íî ¸Ó Ô¥
2012/7/15,2012082,2,4,11,18,22,29,6,"376,633,434",9,269,¾© ËÕ ¸Ó Â³
2012/7/12,2012081,2,5,10,24,25,29,6,"335,807,634",22,232,¼½ ÁÉ ¼ª ËÕ
2012/7/10,2012080,4,9,14,15,16,27,3,"333,462,942",17,181,¼½ ºÚ Õã Ãö
2012/7/8,2012079,6,7,12,24,30,33,12,"373,462,380",4,127,Ô¥ ÔÁ ¹ð Óå
2012/7/5,2012078,8,15,22,24,28,33,12,"339,534,852",6,90,¼½ Õã ¸Ó ¶õ
2012/7/3,2012077,2,4,13,18,26,28,12,"337,698,126",5,79,¾© ½ò ¼½ ÔÁ
2012/7/1,2012076,11,18,22,27,29,30,15,"379,484,266",3,81,»¦ ÔÁ Çà
2012/6/28,2012075,4,6,22,23,29,32,11,"351,962,062",23,77,¼ª Â³ ÔÁ Çí
2012/6/26,2012074,15,16,18,19,28,32,8,"354,427,342",5,70,½ò »¦ Õã ÉîÛÚ
2012/6/24,2012073,4,7,9,10,17,27,5,"383,664,428",8,169,¾© ºÚ Õã ¹ð
2012/6/21,2012072,2,3,7,9,13,30,6,"349,310,588",2,96,Ãö ÔÁ
2012/6/19,2012071,3,4,19,21,22,23,8,"359,591,294",8,104,»¦ ËÕ Íî ¸Ó
2012/6/17,2012070,2,3,4,24,31,32,11,"403,726,842",10,121,½ú ÁÉ Õã Íî
2012/6/14,2012069,8,10,11,18,20,29,6,"363,763,394",19,250,¼ª Õã ¸Ó ÉîÛÚ
2012/6/12,2012068,5,17,22,26,32,33,10,"379,754,544",117,120,¾© ÁÉ ËÕ Ïæ
2012/6/10,2012067,4,5,10,21,26,30,16,"415,404,644",10,181,ÁÉ ËÕ Íî ¸Ó
2012/6/7,2012066,1,2,9,26,29,33,12,"389,067,662",7,158,¾© ÁÉ Ãö
2012/6/5,2012065,8,10,18,19,27,31,14,"396,002,414",16,152,¾© ½ú ÁÉ »¦
2012/6/3,2012064,5,10,11,16,23,24,11,"444,563,890",12,135,¾© ¼ª ºÚ »¦
2012/5/31,2012063,2,10,17,19,24,27,12,"420,166,696",11,95,¾© ÁÉ ËÕ Õã
2012/5/29,2012062,2,13,16,17,20,31,7,"422,402,826",4,102,»¦ ¸Ó ¶õ
2012/5/27,2012061,3,8,11,12,14,18,14,"451,440,342",5,136,¼ª ºÚ Ô¥ Ïæ
2012/5/24,2012060,7,10,13,16,17,29,1,"394,479,944",1,155,¼½
2012/5/22,2012059,4,13,21,22,26,31,1,"389,786,618",6,205,¼½ ËÕ Ãö ÔÁ
2012/5/20,2012058,3,6,15,20,25,26,4,"416,752,864",4,204,¾© ºÚ »¦
2012/5/17,2012057,3,5,19,21,27,31,4,"367,753,954",3,143,ÃÉ Íî µá
2012/5/15,2012056,4,7,14,17,26,31,10,"363,402,618",11,193,¾© ¼½ ºÚ ËÕ
2012/5/13,2012055,4,6,13,20,24,28,1,"396,120,110",4,110,½ú ËÕ ¹ð Óå
2012/5/10,2012054,6,14,18,20,30,33,14,"356,190,234",5,64,Õã Â³ ÔÁ ´¨
2012/5/8,2012053,4,15,22,25,27,33,4,"342,378,036",1,140,ºÚ
2012/5/6,2012052,2,3,5,6,20,24,4,"383,696,656",5,104,¾© ËÕ Óå
2012/5/3,2012051,2,12,14,17,30,31,9,"340,256,786",5,116,ÃÉ »¦ ËÕ ¹ð
2012/5/1,2012050,7,13,15,17,19,24,11,"319,513,602",6,98,¾© Ãö ¶õ ¹ð
2012/4/29,2012049,4,12,13,19,20,32,2,"370,994,838",6,95,½ú ºÚ ÉîÛÚ ¹ð
2012/4/26,2012048,1,5,14,22,24,30,10,"352,087,342",7,86,¼½ ÁÉ ¼ª »¦
2012/4/24,2012047,6,7,11,16,32,33,11,"346,381,150",6,85,¾© ÁÉ Õã ÔÁ
2012/4/22,2012046,4,12,19,20,23,33,6,"391,900,112",10,209,ºÚ Õã Íî ÔÁ
2012/4/19,2012045,8,11,20,21,27,30,9,"356,502,588",7,165,ºÚ »¦ ËÕ Ô¥
2012/4/17,2012044,6,9,10,14,22,25,3,"356,462,184",7,123,ÃÉ µá ÉÂ
2012/4/15,2012043,2,9,11,21,26,33,3,"394,668,460",14,152,¼½ ÁÉ ºÚ »¦
2012/4/12,2012042,5,6,11,19,24,28,16,"353,943,408",8,225,¾© Õã ¸Ó ¶õ
2012/4/10,2012041,8,11,15,20,24,32,2,"356,306,648",6,77,¾© ÁÉ Õã ÔÁ
2012/4/8,2012040,3,8,9,22,25,31,10,"391,299,304",18,211,ÁÉ ¼ª Íî ¸Ó
2012/4/5,2012039,1,2,5,13,22,29,8,"343,264,490",5,68,Íî Ãö ÔÁ ÉÂ
2012/4/3,2012038,9,10,11,15,19,33,16,"323,004,056",4,102,½ò ¸Ó Â³ ÔÁ
2012/4/1,2012037,5,14,19,24,28,33,9,"393,044,730",4,165,»¦ Â³ ÔÁ ´¨
2012/3/29,2012036,2,11,13,18,19,26,9,"360,667,728",12,110,ËÕ Õã Íî ¸Ó
2012/3/27,2012035,9,11,12,21,24,26,5,"358,931,126",16,132,¼½ ËÕ Õã Ãö
2012/3/25,2012034,2,3,8,23,32,33,16,"399,671,360",5,140,ºÚ ËÕ Õã Ïæ
2012/3/22,2012033,2,3,15,16,17,27,4,"367,684,820",15,388,¾© ¼½ ÁÉ ºÚ
2012/3/20,2012032,1,2,10,17,22,24,4,"364,723,646",2,50,ÁÉ µá
2012/3/18,2012031,4,16,22,24,27,31,3,"405,489,418",4,108,ËÕ Ô¥ ¶õ ÉÂ
2012/3/15,2012030,9,10,17,18,21,31,8,"360,021,696",9,133,½ò ÃÉ Õã ÔÁ
2012/3/13,2012029,4,7,15,25,26,28,3,"363,574,384",4,135,Â³ Ô¥ ÔÁ ¹ó
2012/3/11,2012028,10,15,20,21,28,30,11,"408,320,996",6,142,¼ª »¦ Õã Ô¥
2012/3/8,2012027,4,16,22,25,30,31,12,"367,033,234",1,72,Õã
2012/3/6,2012026,3,7,9,15,24,25,16,"364,748,574",2,107,ºÚ ÔÁ
2012/3/4,2012025,3,8,9,17,25,27,6,"403,316,356",12,226,¾© ½ú ÁÉ ºÚ
2012/3/1,2012024,4,12,19,21,25,28,13,"364,173,592",24,289,½ú ÃÉ ÁÉ ºÚ
2012/2/28,2012023,5,9,15,23,24,33,2,"365,582,932",9,216,¾© ÃÉ Õã ¸Ó
2012/2/26,2012022,4,8,12,24,26,27,4,"397,040,802",7,180,ºÚ ËÕ ¸Ó Â³
2012/2/23,2012021,1,15,16,18,22,30,3,"367,729,098",3,45,Â³ ÉîÛÚ ´¨
2012/2/21,2012020,3,8,12,18,23,29,11,"363,324,150",19,354,¾© ¼½ ºÚ »¦
2012/2/19,2012019,7,14,18,20,22,30,16,"400,412,500",7,130,ºÚ Õã ¸Ó Â³
2012/2/16,2012018,3,5,6,22,26,32,15,"361,743,346",4,78,¾© ¼½ ÁÉ ÉîÛÚ
2012/2/14,2012017,6,9,14,19,25,28,10,"360,962,760",26,237,¾© ÁÉ »¦ Õã
2012/2/12,2012016,2,5,12,17,22,25,8,"391,806,944",16,278,¾© ½ò ºÚ ËÕ
2012/2/9,2012015,1,3,6,10,21,23,15,"344,966,404",3,77,¼½ »¦ Â³
2012/2/7,2012014,1,2,5,16,28,30,12,"332,394,836",59,112,¼½ ËÕ Â³ ¶õ
2012/2/5,2012013,6,8,24,29,30,32,13,"382,213,084",10,164,¼½ ËÕ Â³ ¶õ
2012/2/2,2012012,15,17,18,20,23,27,1,"330,682,334",2,75,µá Çà
2012/1/31,2012011,4,14,15,16,20,26,5,"322,471,622",15,212,¾© ÁÉ »¦ ËÕ
2012/1/29,2012010,1,3,13,19,25,26,10,"350,707,306",4,112,ÁÉ ËÕ Íî ÔÁ
2012/1/19,2012009,4,16,24,26,27,33,11,"371,864,904",7,76,ÃÉ ¼ª ËÕ ÔÁ
2012/1/17,2012008,1,12,20,23,24,29,8,"349,794,196",5,108,¾© Õã ÉîÛÚ ÐÂ
2012/1/15,2012007,10,17,19,27,28,32,4,"386,798,560",5,88,ÁÉ Õã ¸Ó ´¨
2012/1/12,2012006,2,22,25,29,32,33,8,"365,269,490",17,127,»¦ ËÕ Ãö Â³
2012/1/10,2012005,7,9,18,27,31,33,6,"373,157,878",7,102,¼½ »¦ ¸Ó Â³
2012/1/8,2012004,1,5,10,11,21,23,16,"422,246,096",4,153,¾© ÁÉ ËÕ ¸Ó
2012/1/5,2012003,3,6,8,24,29,31,9,"376,556,854",26,165,¾© ¼½ ÃÉ ºÚ
2012/1/3,2012002,2,3,7,9,10,32,13,"369,663,804",17,101,¼½ ÁÉ ËÕ Íî
2012/1/1,2012001,1,4,5,9,15,17,6,"433,902,388",6,110,¾© ÁÉ ¼ª ¶õ
2011/12/29,2011153,5,8,9,10,20,25,13,"403,874,136",16,282,ÁÉ ¸Ó Ô¥ ÔÁ
2011/12/27,2011152,4,10,11,12,21,26,13,"394,544,922",7,285,¾© ËÕ Íî Ïæ
2011/12/25,2011151,7,11,16,19,31,33,10,"428,101,842",6,190,¼½ »¦ Õã Ãö
2011/12/22,2011150,8,10,12,15,22,27,13,"385,439,474",8,215,¾© ÁÉ »¦ ¶õ
2011/12/20,2011149,4,5,6,7,23,31,16,"365,612,730",1,225,½ò
2011/12/18,2011148,5,14,22,23,25,26,14,"403,588,782",6,105,¼½ ÁÉ Õã Íî
2011/12/15,2011147,4,8,12,17,18,30,10,"369,715,120",16,275,¾© ¼½ ËÕ ¸Ó
2011/12/13,2011146,11,23,26,28,32,33,10,"367,466,864",5,163,»¦ ËÕ Õã Â³
2011/12/11,2011145,2,4,14,15,26,30,4,"399,835,362",11,249,ÁÉ ËÕ Õã Ãö
2011/12/8,2011144,1,2,9,10,16,24,3,"365,097,322",7,78,¼½ »¦ Â³ Ô¥
2011/12/6,2011143,7,8,12,14,15,30,16,"359,074,808",4,90,ÃÉ Ïæ ÔÁ
2011/12/4,2011142,12,15,16,26,29,31,2,"395,266,644",3,83,»¦ Õã µá
2011/12/1,2011141,2,4,6,19,24,29,11,"353,185,652",9,192,½ú »¦ ËÕ ¸Ó
2011/11/29,2011140,4,18,20,22,27,29,6,"349,582,200",5,53,¼½ ËÕ Õã ´¨
2011/11/27,2011139,8,20,24,27,30,31,3,"387,797,344",6,72,¼½ ÁÉ Õã ¹ð
2011/11/24,2011138,1,5,15,24,28,32,7,"348,154,674",7,252,ÁÉ Õã Ô¥ Ïæ
2011/11/22,2011137,2,11,18,23,30,33,13,"340,607,254",5,128,ºÚ Õã Ïæ ¹ð
2011/11/20,2011136,2,4,6,20,22,31,7,"375,968,636",4,86,½ò ÃÉ Õã ÉîÛÚ
2011/11/17,2011135,12,13,17,20,25,26,12,"335,103,670",3,62,ËÕ Ïæ ÔÁ
2011/11/15,2011134,1,2,6,7,30,31,10,"337,761,116",12,84,ÁÉ Õã Ïæ ÔÁ
2011/11/13,2011133,12,14,20,21,25,31,16,"376,474,284",7,75,»¦ Õã ÔÁ ÉîÛÚ
2011/11/10,2011132,2,5,12,13,25,33,7,"340,242,582",10,138,¼½ ËÕ ÔÁ µá
2011/11/8,2011131,2,7,9,17,21,25,1,"329,212,830",5,131,»¦ Â³ ÉÂ Äþ
2011/11/6,2011130,7,14,18,23,25,32,15,"368,707,538",3,86,¼½ ÁÉ ÔÁ
2011/11/3,2011129,7,10,11,21,23,26,6,"336,342,794",8,120,»¦ ËÕ Õã ¸Ó
2011/11/1,2011128,9,11,14,17,19,23,12,"330,310,278",7,109,ÁÉ Íî Ãö ¶õ
2011/10/30,2011127,16,19,22,23,27,29,11,"366,718,126",8,93,¼½ ÃÉ »¦ Íî
2011/10/27,2011126,3,7,13,18,23,26,16,"329,809,254",2,198,»¦ ÉîÛÚ
2011/10/25,2011125,3,10,15,24,27,32,8,"322,501,850",10,117,¾© ÃÉ ÁÉ Õã
2011/10/23,2011124,9,18,19,26,31,32,16,"356,985,192",7,123,ÁÉ ËÕ Õã ¸Ó
2011/10/20,2011123,1,4,5,14,19,28,16,"329,433,846",3,155,ÁÉ Â³ ÐÂ
2011/10/18,2011122,10,12,18,26,27,31,3,"307,852,112",7,142,¾© Õã Íî ¶õ
2011/10/16,2011121,4,14,22,25,32,33,2,"342,602,202",2,39,½ò ´¨
2011/10/13,2011120,4,14,17,28,30,33,7,"307,300,204",11,107,»¦ Õã Íî Ãö
2011/10/11,2011119,9,12,14,19,28,32,1,"310,270,074",3,81,¼½ ºÚ Â³
2011/10/9,2011118,5,6,11,14,20,21,10,"346,558,714",6,163,¼½ »¦ Õã Â³
2011/10/6,2011117,8,10,19,26,28,30,4,"284,670,324",3,180,ºÚ Â³ ¶õ
2011/10/4,2011116,1,7,11,12,17,27,5,"270,660,014",20,135,½ú ÁÉ ¼ª »¦
2011/10/2,2011115,7,8,9,12,17,33,16,"306,169,962",2,123,½ú ÔÁ
2011/9/29,2011114,1,14,15,16,30,32,9,"297,745,236",6,75,ÁÉ Õã Â³ Ô¥
2011/9/27,2011113,6,10,11,25,32,33,5,"301,463,604",4,84,¾© ¸Ó Ïæ ÔÁ
2011/9/25,2011112,3,5,16,18,23,24,15,"335,373,070",4,194,ËÕ Ô¥ ÔÁ Çí
2011/9/22,2011111,1,3,5,20,25,27,4,"301,379,048",5,76,»¦ Ãö Ô¥ Ïæ
2011/9/20,2011110,12,14,21,26,28,33,12,"291,747,572",1,46,¹ð
2011/9/18,2011109,1,3,9,15,16,33,15,"319,837,948",5,92,ÁÉ Õã ¶õ ÉîÛÚ
2011/9/15,2011108,2,17,22,26,29,33,10,"282,794,584",4,72,ÁÉ Â³ ÉÂ
2011/9/13,2011107,4,9,16,17,22,29,15,"287,460,888",36,428,¾© ÁÉ ËÕ Õã
2011/9/11,2011106,2,11,12,14,24,32,14,"313,930,786",5,118,¼½ ËÕ ¸Ó ÉîÛÚ
2011/9/8,2011105,4,6,23,25,27,28,1,"292,666,602",6,163,ºÚ Â³ ÔÁ
2011/9/6,2011104,9,10,16,20,25,29,9,"300,386,562",24,193,¾© »¦ ËÕ Ãö
2011/9/4,2011103,4,5,10,13,15,16,12,"334,043,508",8,77,ºÚ Õã Ãö Â³
2011/9/1,2011102,1,5,13,21,27,31,11,"303,886,824",12,116,½ò ¼½ ÃÉ ÁÉ
2011/8/30,2011101,6,10,19,23,29,31,6,"295,906,364",5,100,½ò ËÕ Ãö ÔÁ
2011/8/28,2011100,7,11,21,23,31,32,5,"323,046,340",5,138,½ú Õã Íî Â³
2011/8/25,2011099,10,12,13,21,26,27,14,"287,051,218",3,61,¾© ÁÉ ºÚ
2011/8/23,2011098,3,7,20,21,22,32,5,"283,485,974",2,51,Â³ Äþ
2011/8/21,2011097,9,17,19,20,21,26,16,"323,418,670",19,108,¾© ËÕ Õã ¹ð
2011/8/18,2011096,1,4,7,13,14,19,15,"288,032,952",4,106,»¦ ËÕ Ïæ ÉÂ
2011/8/16,2011095,3,7,8,10,23,24,5,"293,229,282",19,126,ÁÉ Õã Íî ÔÁ
2011/8/14,2011094,9,11,12,17,18,19,5,"329,858,052",14,124,¾© ¼½ ÁÉ ºÚ
2011/8/11,2011093,4,7,11,13,23,30,9,"300,330,150",16,112,¾© ¼½ ¸Ó Â³
2011/8/9,2011092,5,10,17,26,31,32,4,"296,160,020",4,107,ÁÉ Ô¥ Ïæ ´¨
2011/8/7,2011091,9,15,21,23,28,30,3,"330,377,834",4,81,Ô¥ ¶õ ÔÁ ¹ð
2011/8/4,2011090,2,5,14,18,21,25,16,"302,158,754",2,76,Õã ¸Ê
2011/8/2,2011089,1,2,11,24,29,30,12,"299,010,020",11,96,¼½ ¼ª ºÚ Õã
2011/7/31,2011088,3,9,17,20,21,29,4,"327,675,114",8,154,Õã Â³ Óå
2011/7/28,2011087,2,3,4,5,18,28,1,"296,896,504",10,119,¾© »¦ Ãö ¶õ
2011/7/26,2011086,6,7,9,12,17,24,9,"334,074,814",113,110,Õã Íî Ãö ÔÁ
2011/7/24,2011085,3,6,11,21,24,31,10,"371,696,466",10,221,ºÚ »¦ Â³ ÔÁ
2011/7/21,2011084,9,10,12,16,18,32,15,"348,473,896",5,68,Ô¥ ¶õ Ïæ ÔÁ
2011/7/19,2011083,7,16,18,24,28,29,6,"346,077,740",7,95,¸Ó Ô¥ ÔÁ ´¨
2011/7/17,2011082,7,16,17,20,25,26,4,"388,800,864",16,179,¼½ ÃÉ ¼ª Õã
2011/7/14,2011081,6,14,19,23,25,32,12,"347,690,264",4,128,¾© Íî Çí ¸Ê
2011/7/12,2011080,2,7,9,25,31,32,9,"348,447,154",10,77,¾© ºÚ Õã ÔÁ
2011/7/10,2011079,3,14,15,16,24,29,5,"391,447,400",5,81,Ãö Â³ ¶õ ÔÁ
2011/7/7,2011078,3,5,13,20,22,29,9,"365,761,038",13,101,¾© ºÚ ËÕ Íî
2011/7/5,2011077,1,7,8,15,26,29,10,"366,916,974",10,131,¾© ¼½ ½ú ÁÉ
2011/7/3,2011076,6,19,21,26,32,33,13,"382,839,880",1,96,ÔÁ
2011/6/30,2011075,7,9,10,12,31,32,13,"343,341,640",2,64,»¦ ËÕ
2011/6/28,2011074,2,21,26,28,29,32,1,"344,333,482",6,29,ÃÉ ÁÉ ËÕ ¸Ó
2011/6/26,2011073,3,4,5,12,17,21,14,"362,922,526",7,127,ºÚ ËÕ Íî Ãö
2011/6/23,2011072,1,6,10,11,18,27,12,"313,897,806",6,107,¾© ¼ª »¦ Â³
2011/6/21,2011071,1,2,15,22,28,30,2,"310,534,104",3,57,»¦ Õã Óå
2011/6/19,2011070,1,3,5,12,21,28,12,"342,264,942",7,219,½ò ÁÉ ¼ª Â³
2011/6/16,2011069,2,13,16,18,24,30,12,"308,628,372",5,105,½ú ÃÉ ¸Ó Óå
2011/6/14,2011068,3,7,10,15,19,24,10,"296,012,586",6,148,Õã ¶õ Ïæ ÉÂ
2011/6/12,2011067,17,19,20,24,25,27,12,"321,776,484",3,69,»¦ Õã Ô¥
2011/6/9,2011066,4,6,14,17,30,32,12,"284,641,290",3,52,¾© ËÕ ¶õ
2011/6/7,2011065,4,16,23,25,27,29,3,"276,483,886",1,59,ÔÁ
2011/6/5,2011064,3,6,7,29,30,33,2,"308,305,132",6,117,¼½ ½ú Ô¥ ÔÁ
2011/6/2,2011063,4,6,13,15,18,19,5,"286,784,814",7,60,ËÕ Â³ ÔÁ ÉîÛÚ
2011/5/31,2011062,4,8,9,10,29,30,3,"292,576,106",12,162,¾© ¼ª ËÕ Õã
2011/5/29,2011061,2,3,8,13,19,21,3,"329,490,066",20,116,ÁÉ ¼ª »¦ ËÕ
2011/5/26,2011060,10,11,13,21,27,31,1,"294,946,664",4,81,Ãö ´¨ ¹ó ÐÂ
2011/5/24,2011059,24,26,27,29,31,33,16,"297,661,236",6,92,Ïæ ÔÁ
2011/5/22,2011058,7,18,22,30,32,33,6,"321,880,622",8,83,½ú ËÕ Õã Ãö
2011/5/19,2011057,4,6,20,21,26,33,2,"293,874,448",2,57,¼½ ËÕ
2011/5/17,2011056,13,16,19,20,23,25,10,"294,519,332",6,59,ºÚ ÉîÛÚ Óå ÉÂ
2011/5/15,2011055,8,13,16,17,29,32,16,"323,409,932",4,95,ºÚ Íî Ïæ
2011/5/12,2011054,8,11,16,17,22,33,8,"290,127,160",3,94,ÁÉ ¶õ Óå
2011/5/10,2011053,3,6,10,12,22,30,15,"282,819,042",3,216,Õã ¸Ó
2011/5/8,2011052,4,5,8,19,27,28,8,"314,222,356",9,201,¾© ½ò Íî ¸Ó
2011/5/5,2011051,1,7,11,14,15,16,14,"289,337,386",5,65,¾© ½ò Õã ¶õ
2011/5/3,2011050,4,5,19,22,28,29,15,"276,013,398",6,141,¼½ ÃÉ ËÕ Õã
2011/5/1,2011049,1,11,17,18,27,31,14,"298,097,446",2,188,¾© Óå
2011/4/28,2011048,10,14,18,25,26,27,15,"280,257,800",0,65,
2011/4/26,2011047,4,13,23,25,27,33,14,"278,338,352",3,78,¶õ ´¨
2011/4/24,2011046,9,17,18,26,29,30,8,"322,849,314",15,241,¾© ½ò ½ú Õã
2011/4/21,2011045,2,16,17,20,26,32,8,"296,409,720",13,69,¾© ½ú ËÕ Õã
2011/4/19,2011044,3,14,16,26,27,31,9,"289,688,506",9,144,¾© ¼½ ºÚ ËÕ
2011/4/17,2011043,4,13,14,17,25,31,4,"358,996,258",75,259,¾© ½ò ¼½ ÁÉ
2011/4/14,2011042,5,13,15,17,19,21,15,"321,302,904",6,107,»¦ Â³ Ïæ ÔÁ
2011/4/12,2011041,4,10,12,13,30,32,13,"308,500,156",3,93,¾© »¦ ¸Ó
2011/4/10,2011040,5,11,14,24,26,28,13,"345,011,574",5,77,Ãö Â³
2011/4/7,2011039,3,7,10,16,24,29,13,"311,094,814",6,188,½ú ÁÉ Â³ Ô¥
2011/4/5,2011038,2,14,15,19,23,24,12,"289,140,916",3,92,ºÚ Ãö ¸Ó
2011/4/3,2011037,1,3,4,6,17,25,11,"330,231,608",10,106,ÃÉ ºÚ Â³ ÔÁ
2011/3/31,2011036,2,11,20,22,24,31,5,"315,826,494",5,114,¼½ Õã ÉîÛÚ ´¨
2011/3/29,2011035,13,14,18,20,27,31,2,"311,694,488",3,96,¾© Õã ÉîÛÚ
2011/3/27,2011034,13,14,17,19,24,31,8,"345,909,126",7,44,¾© Õã ÔÁ µá
2011/3/24,2011033,2,8,12,13,19,29,4,"307,522,678",8,212,ËÕ Ãö Ïæ ÔÁ
2011/3/22,2011032,3,5,7,13,14,15,15,"302,968,920",13,230,½ú ÃÉ ËÕ Íî
2011/3/20,2011031,16,17,24,28,29,32,12,"336,612,714",1,52,Â³
2011/3/17,2011030,2,9,19,24,25,33,10,"304,099,208",20,145,¾© ½ú ÁÉ ËÕ
2011/3/15,2011029,1,4,9,10,20,31,7,"298,361,906",7,98,¾© ËÕ Íî Ãö
2011/3/13,2011028,1,4,5,14,16,17,1,"341,754,088",6,148,ÁÉ Õã ÔÁ ÐÂ
2011/3/10,2011027,13,18,21,22,25,26,1,"304,417,422",5,105,¾© ÁÉ Â³ ÉîÛÚ
2011/3/8,2011026,7,8,17,19,21,26,12,"301,792,690",10,296,¾© ¼½ »¦ ËÕ
2011/3/6,2011025,8,25,26,31,32,33,9,"335,345,846",4,80,ÃÉ ËÕ Íî ¸Ó
2011/3/3,2011024,5,7,10,19,26,31,14,"293,532,026",8,194,¾© Õã Ô¥ ¹ó
2011/3/1,2011023,2,3,6,21,22,25,5,"280,592,202",3,71,½ò ¼ª Ïæ
2011/2/27,2011022,2,7,14,16,17,21,5,"317,202,954",9,51,¾© ¼½ »¦ Ô¥
2011/2/24,2011021,1,2,14,18,25,31,8,"287,463,484",9,226,¼½ ½ú ËÕ Ô¥
2011/2/22,2011020,12,16,17,19,24,30,5,"278,341,148",5,51,¼½ Õã Íî ÔÁ
2011/2/20,2011019,2,4,12,19,32,33,16,"309,122,016",3,51,ÁÉ ËÕ Çí
2011/2/17,2011018,13,15,18,28,30,33,1,"273,159,286",7,98,¾© ½ò ºÚ Â³
2011/2/15,2011017,2,6,15,23,26,33,8,"258,279,824",2,141,¾© Ô¥
2011/2/13,2011016,3,4,16,17,22,29,13,"282,026,694",5,107,»¦ ËÕ Íî ¸Ê
2011/2/10,2011015,3,6,13,26,27,29,7,"254,777,566",9,110,¼½ ¼ª ËÕ Â³
2011/2/1,2011014,5,7,10,11,23,26,16,"264,496,608",7,156,Â³ ÔÁ Çí
2011/1/30,2011013,1,3,13,16,21,22,8,"288,823,754",8,41,ºÚ ËÕ Õã ¸Ó
2011/1/27,2011012,7,8,11,13,15,26,13,"260,393,668",4,124,ÃÉ ÁÉ ºÚ Ãö
2011/1/25,2011011,1,12,18,19,21,24,10,"255,418,250",10,73,ºÚ »¦ ËÕ Õã
2011/1/23,2011010,1,4,5,9,15,19,13,"286,472,328",9,118,¾© ¼½ ºÚ Ô¥
2011/1/20,2011009,17,18,23,24,25,26,4,"264,626,108",3,90,¼½ Õã ÔÁ
2011/1/18,2011008,10,12,13,17,24,31,15,"259,069,374",3,50,ÃÉ ËÕ ¶õ
2011/1/16,2011007,1,9,17,24,26,31,5,"292,948,810",6,96,Õã Íî Óå
2011/1/13,2011006,1,3,5,13,16,18,5,"265,273,552",2,95,Õã ÔÁ
2011/1/11,2011005,6,9,12,14,20,22,13,"258,389,670",1,109,¼½
2011/1/9,2011004,4,6,8,10,13,26,5,"283,728,968",2,119,Õã Ïæ
2011/1/6,2011003,13,14,21,22,23,27,4,"272,943,652",14,50,ÁÉ ¼ª ºÚ »¦
2011/1/4,2011002,6,8,12,17,28,33,5,"270,533,954",7,102,¾© »¦ Â³ Ô¥
2011/1/2,2011001,3,9,20,24,26,32,10,"290,720,992",9,76,¾© ÁÉ Õã ÔÁ
2010/12/30,2010153,3,6,12,19,30,31,13,"287,732,956",15,124,¼½ ½ú ÁÉ »¦
2010/12/28,2010152,4,9,17,21,25,31,1,"283,747,722",11,244,¼½ ¼ª »¦ Õã
2010/12/26,2010151,2,13,14,17,19,26,14,"315,507,700",6,99,¾© ½ò ÃÉ ËÕ
2010/12/23,2010150,2,17,18,23,29,30,6,"287,200,078",12,104,½ú ÁÉ Õã Â³
2010/12/21,2010149,2,7,8,16,25,30,9,"300,479,738",25,210,¾© ½ò ¼½ ½ú
2010/12/19,2010148,1,3,7,18,23,27,12,"338,741,658",36,1162,¾© ¼½ ½ú ºÚ
2010/12/16,2010147,2,8,15,18,24,30,3,"295,337,382",15,342,¾© ½ú ÁÉ ËÕ
2010/12/14,2010146,1,17,18,22,25,32,1,"300,076,660",5,174,½ú ËÕ Õã ¶õ
2010/12/12,2010145,3,21,24,27,28,31,8,"326,191,770",2,71,Â³ Óå
2010/12/9,2010144,2,3,8,15,19,21,11,"301,323,048",4,77,Õã ÔÁ ÉîÛÚ
2010/12/7,2010143,9,16,18,26,30,31,14,"298,251,128",3,54,Â³ Óå ÉÂ
2010/12/5,2010142,2,16,18,23,26,27,10,"330,364,770",4,78,Â³ ¶õ ÔÁ ÐÂ
2010/12/2,2010141,2,3,7,18,23,27,6,"297,319,014",6,177,ÁÉ ºÚ ËÕ Â³
2010/11/30,2010140,1,12,13,18,26,29,15,"296,121,968",4,51,ÃÉ Íî Ãö Çà
2010/11/28,2010139,11,13,18,20,26,31,9,"319,407,618",4,121,»¦ Ïæ ÔÁ ÉÂ
2010/11/25,2010138,1,21,23,24,26,30,5,"280,036,566",0,34,
2010/11/23,2010137,7,9,10,13,19,33,6,"275,941,138",2,89,Õã ¹ð
2010/11/21,2010136,4,10,23,24,26,33,10,"305,525,370",1,62,ÉîÛÚ
2010/11/18,2010135,4,10,13,25,26,30,10,"279,317,018",23,221,¾© ½ò ÁÉ »¦
2010/11/16,2010134,9,15,16,22,27,28,6,"274,898,772",6,105,¼½ ÁÉ »¦ Â³
2010/11/14,2010133,3,9,17,21,26,32,1,"302,743,538",9,320,¼ª ºÚ Õã Íî
2010/11/11,2010132,2,10,12,18,24,33,15,"277,931,070",5,75,¾© ºÚ Ô¥ ¶õ
2010/11/9,2010131,5,6,15,16,19,26,6,"275,057,550",12,185,¼½ »¦ ËÕ Õã
2010/11/7,2010130,1,2,7,15,21,31,16,"301,606,730",1,97,Õã
2010/11/4,2010129,4,8,14,25,28,32,16,"263,068,470",0,100,
2010/11/2,2010128,4,11,19,20,24,28,12,"264,631,266",19,132,½ò ÃÉ »¦ Õã
2010/10/31,2010127,1,4,8,17,25,33,1,"308,473,622",58,385,¾© ½ò ¼½ ½ú
2010/10/28,2010126,3,13,18,20,27,28,5,"272,220,524",7,108,ËÕ ÔÁ ÉîÛÚ ÐÂ
2010/10/26,2010125,6,7,13,23,28,29,9,"266,084,300",5,146,Ô¥ ¹ð µá ÉÂ
2010/10/24,2010124,2,6,8,11,12,25,2,"303,307,488",12,192,¾© ¼½ ºÚ ËÕ
2010/10/21,2010123,6,12,15,18,29,32,10,"278,792,718",13,109,»¦ Õã ¸Ó Â³
2010/10/19,2010122,2,9,12,16,25,27,6,"270,548,316",4,113,ÁÉ ºÚ ¶õ Ïæ
2010/10/17,2010121,8,11,13,18,25,30,15,"288,389,490",2,116,Õã
2010/10/14,2010120,1,2,5,6,10,29,16,"260,841,502",3,41,ËÕ Â³
2010/10/12,2010119,7,17,25,27,30,31,9,"260,972,766",19,165,¾© ËÕ Õã Â³
2010/10/10,2010118,5,8,11,13,15,25,5,"278,863,970",14,126,¼½ ÃÉ ÁÉ ËÕ
2010/10/7,2010117,1,8,20,22,24,28,1,"232,007,386",9,92,¼½ Õã Ãö ¸Ó
2010/10/5,2010116,5,9,10,20,22,26,7,"236,885,436",54,113,¼½ »¦ Â³ Ô¥
2010/10/3,2010115,1,22,24,25,29,33,15,"254,889,502",0,55,
2010/9/30,2010114,1,8,11,15,17,25,1,"249,642,432",6,63,½ú ËÕ Õã Ô¥
2010/9/28,2010113,5,10,15,18,20,28,10,"245,484,314",3,256,ÔÁ ¹ð ÐÂ
2010/9/26,2010112,1,8,18,24,29,30,16,"276,435,492",1,124,¾©
2010/9/23,2010111,4,7,8,13,17,18,10,"223,004,690",0,58,
2010/9/21,2010110,1,3,12,24,26,27,1,"230,609,584",13,74,ÃÉ ÁÉ »¦ Õã
2010/9/19,2010109,4,15,18,25,29,32,15,"270,100,048",10,80,ËÕ Õã Ô¥ ¹ó
2010/9/16,2010108,2,4,8,20,23,24,7,"240,681,452",2,36,¼ª ÔÁ
2010/9/14,2010107,8,12,15,17,22,33,16,"237,514,142",1,39,¼½
2010/9/12,2010106,2,6,8,15,26,29,16,"263,785,876",5,141,Õã Íî Â³ ´¨
2010/9/9,2010105,1,8,9,19,21,31,11,"244,881,210",24,199,¾© ½ò ÃÉ ÁÉ
2010/9/7,2010104,7,17,23,24,27,32,2,"248,944,388",11,90,ÃÉ »¦ Õã Â³
2010/9/5,2010103,6,9,14,17,20,33,9,"278,768,450",7,81,ºÚ »¦ Õã ÔÁ
2010/9/2,2010102,4,11,16,20,22,29,10,"243,505,778",4,61,¼½ ÃÉ ÁÉ ¶õ
2010/8/31,2010101,4,9,18,21,25,26,6,"245,688,390",5,93,ÁÉ ºÚ Õã Íî
2010/8/29,2010100,1,6,12,22,23,26,8,"271,091,664",13,110,¼½ ÃÉ ÁÉ Õã
2010/8/26,2010099,3,4,17,24,27,30,6,"240,688,192",2,220,¾© ÉÂ
2010/8/24,2010098,1,3,8,16,29,33,7,"235,404,960",6,63,ÁÉ Õã Â³ Óå
2010/8/22,2010097,10,16,18,21,24,26,1,"263,433,286",1,61,ÉîÛÚ
2010/8/19,2010096,7,12,21,23,24,28,3,"235,984,000",16,97,½ò ÁÉ ËÕ Íî
2010/8/17,2010095,9,11,16,17,25,27,14,"226,093,634",4,65,½ú Íî ¶õ ÔÁ
2010/8/15,2010094,3,5,7,27,31,32,10,"250,015,372",10,63,ÁÉ Õã Ô¥ ÔÁ
2010/8/12,2010093,9,10,19,28,32,33,6,"214,376,608",11,115,¼½ »¦ ËÕ Õã
2010/8/10,2010092,3,13,19,27,28,30,2,"235,395,046",55,161,ÁÉ ºÚ »¦ ËÕ
2010/8/8,2010091,6,13,16,20,22,24,16,"266,211,592",10,77,½ò »¦ Õã Ãö
2010/8/5,2010090,1,6,10,15,25,31,14,"232,731,512",3,198,ÁÉ ËÕ Ô¥
2010/8/3,2010089,7,8,9,16,23,26,1,"239,719,796",8,110,¼½ »¦ µá ¸Ê
2010/8/1,2010088,5,6,15,23,27,30,12,"264,168,238",14,100,½ò ËÕ Õã Ãö
2010/7/29,2010087,1,8,16,17,25,30,10,"235,879,868",9,107,¼½ ºÚ ËÕ Õã
2010/7/27,2010086,5,21,28,29,30,31,8,"243,138,962",1,42,ËÕ
2010/7/25,2010085,1,8,12,13,24,27,8,"275,602,494",25,518,¼½ ÁÉ ¼ª ËÕ
2010/7/22,2010084,2,10,14,18,20,30,3,"243,838,210",5,57,ÁÉ Ô¥ ¶õ ´¨
2010/7/20,2010083,2,20,21,22,23,31,12,"239,182,242",3,41,Íî Â³ µá
2010/7/18,2010082,1,8,13,14,27,31,2,"266,766,152",7,226,¾© ÁÉ Õã ¸Ó
2010/7/15,2010081,2,3,9,24,26,27,5,"242,647,146",3,68,ÁÉ Çí
2010/7/13,2010080,8,10,13,14,16,23,16,"241,525,992",3,71,ÁÉ ÔÁ ¹ð
2010/7/11,2010079,8,11,12,14,18,22,2,"269,970,928",4,112,½ò ÔÁ ÉîÛÚ ÉÂ
2010/7/8,2010078,1,3,9,11,17,23,12,"240,635,560",6,119,Õã Â³ ÉîÛÚ ´¨
2010/7/6,2010077,2,8,14,20,21,24,9,"233,330,914",3,48,½ú ËÕ Â³
2010/7/4,2010076,1,12,14,29,31,32,15,"249,655,268",2,63,¾© Óå
2010/7/1,2010075,5,9,12,13,15,22,14,"229,619,238",5,107,»¦ Õã Â³ Ïæ
2010/6/29,2010074,2,10,17,18,19,29,15,"236,056,644",9,177,¾© ¼½ »¦ Íî
2010/6/27,2010073,1,16,20,23,27,31,2,"263,364,832",3,29,¾© ËÕ Ô¥
2010/6/24,2010072,6,8,22,23,30,31,1,"235,231,488",3,187,ÁÉ Õã ¶õ
2010/6/22,2010071,5,13,14,17,20,26,1,"232,948,886",3,96,ËÕ Õã ¶õ
2010/6/20,2010070,8,13,23,27,31,33,7,"254,342,696",6,117,ÁÉ Íî ¶õ Óå
2010/6/17,2010069,12,14,20,22,24,32,11,"225,582,108",2,90,ËÕ Íî
2010/6/15,2010068,3,13,18,20,23,28,13,"215,863,382",13,176,½ú ÃÉ ºÚ ËÕ
2010/6/13,2010067,1,7,10,14,21,25,1,"258,825,118",2,109,Íî Ïæ
2010/6/10,2010066,1,3,21,22,31,32,7,"237,425,002",2,100,Ãö Ô¥
2010/6/8,2010065,2,7,8,17,30,32,12,"234,372,332",4,59,¶õ ÔÁ ¹ó
2010/6/6,2010064,8,14,25,26,30,31,11,"259,371,022",8,73,¼½ ÁÉ ºÚ ËÕ
2010/6/3,2010063,2,6,10,17,23,24,3,"236,083,458",6,110,¼½ »¦ ¸Ó ÉîÛÚ
2010/6/1,2010062,11,13,15,20,31,33,3,"235,535,320",1,42,Õã
2010/5/30,2010061,2,4,16,19,22,26,12,"261,848,018",4,55,¾© Ãö µá
2010/5/27,2010060,1,8,15,18,22,27,9,"239,669,684",5,77,Õã ¶õ Óå ¹ó
2010/5/25,2010059,1,9,11,12,18,30,10,"232,718,404",3,51,ËÕ Õã Ô¥
2010/5/23,2010058,1,4,11,17,19,29,12,"258,079,782",3,68,ËÕ Â³
2010/5/20,2010057,5,11,12,19,25,32,5,"241,998,022",18,286,¼½ ÃÉ ¼ª »¦
2010/5/18,2010056,1,2,3,8,13,32,7,"243,521,976",5,28,ÃÉ ÁÉ »¦ Õã
2010/5/16,2010055,2,3,13,19,20,23,8,"265,950,816",10,92,¼½ ÃÉ ºÚ ËÕ
2010/5/13,2010054,1,6,8,12,14,25,6,"240,532,550",6,76,¾© »¦ ËÕ ¶õ
2010/5/11,2010053,3,22,24,27,28,30,14,"233,188,676",3,48,Õã Â³ ÉîÛÚ
2010/5/9,2010052,1,2,19,23,27,29,10,"254,114,154",4,39,ÔÁ ÉîÛÚ µá
2010/5/6,2010051,4,17,23,27,28,32,3,"229,638,378",9,42,Â³ ¶õ ´¨ µá
2010/5/4,2010050,7,21,22,26,28,30,11,"217,484,954",2,61,ÁÉ ÔÁ
2010/5/2,2010049,1,6,10,26,27,28,2,"238,207,928",2,54,ÁÉ ÔÁ
2010/4/29,2010048,1,6,8,10,23,33,2,"227,901,710",3,100,»¦ ËÕ ´¨
2010/4/27,2010047,3,10,13,20,21,32,15,"230,736,816",4,83,ÁÉ Õã Â³ Äþ
2010/4/25,2010046,11,12,21,23,27,32,5,"257,876,882",2,66,Â³ ÉÂ
2010/4/22,2010045,2,3,4,13,20,29,1,"235,205,392",11,130,¾© ºÚ ËÕ Õã
2010/4/20,2010044,3,9,21,23,27,31,5,"237,978,418",15,125,¼½ ÁÉ ºÚ »¦
2010/4/18,2010043,4,10,19,22,28,33,4,"265,889,144",4,139,ËÕ ÔÁ Óå
2010/4/15,2010042,3,6,11,20,31,32,10,"231,323,160",7,92,¼½ ÁÉ »¦ Õã
2010/4/13,2010041,3,5,13,19,25,29,12,"232,591,320",6,170,Ãö Â³ ¶õ ÔÁ
2010/4/11,2010040,12,19,24,25,30,32,11,"257,165,686",5,73,¼½ »¦ Ô¥ ¶õ
2010/4/8,2010039,8,17,21,23,25,32,12,"226,833,664",1,49,ËÕ
2010/4/6,2010038,1,6,7,11,13,16,1,"226,161,590",9,47,»¦ Â³ Ô¥ ÔÁ
2010/4/4,2010037,3,16,19,21,24,26,6,"247,240,280",1,35,Óå
2010/4/1,2010036,6,13,14,28,29,30,8,"229,557,916",10,157,½ò ¼½ ÁÉ »¦
2010/3/30,2010035,9,10,11,18,19,21,10,"228,911,294",10,78,ÁÉ ºÚ ËÕ Â³
2010/3/28,2010034,6,11,13,22,25,32,12,"252,670,562",3,106,¼½ ¸Ó ÉÂ
2010/3/25,2010033,8,10,11,12,25,29,9,"224,347,302",14,85,ÁÉ ºÚ ËÕ Õã
2010/3/23,2010032,8,18,21,28,29,33,8,"236,489,598",35,193,½ú ÃÉ ÁÉ ºÚ
2010/3/21,2010031,5,7,13,24,25,28,4,"267,151,062",12,202,¾© ½ú »¦ ËÕ
2010/3/18,2010030,3,6,10,16,25,31,5,"239,533,728",4,114,¾© ËÕ Ãö ÔÁ
2010/3/16,2010029,1,5,14,16,17,22,3,"236,373,590",8,57,¾© ¼½ ºÚ Ãö
2010/3/14,2010028,1,3,6,12,16,32,12,"256,691,698",2,149,Ãö µá
2010/3/11,2010027,3,4,15,25,26,30,13,"234,693,930",7,141,½ú »¦ Â³ ÉîÛÚ
2010/3/9,2010026,2,4,5,8,19,22,12,"220,382,336",3,65,¾© ºÚ ¹ð
2010/3/7,2010025,4,5,7,10,13,25,11,"248,648,212",7,107,¼½ ÃÉ ËÕ ¸Ó
2010/3/4,2010024,7,16,26,27,29,31,14,"224,928,938",4,58,ÁÉ ¸Ó ¹ð
2010/3/2,2010023,2,9,11,22,24,27,11,"220,109,148",7,67,»¦ Õã ¶õ
2010/2/28,2010022,1,2,18,29,31,32,2,"245,991,044",4,76,½ú Ô¥ ÔÁ
2010/2/25,2010021,2,9,16,17,19,25,4,"217,152,080",5,81,½ò ºÚ »¦ ËÕ
2010/2/23,2010020,5,6,14,22,24,26,9,"215,066,270",20,40,¾© Íî Â³ Ïæ
2010/2/21,2010019,2,10,22,24,26,27,6,"234,815,252",2,68,¾© ¸Ó
2010/2/11,2010018,11,28,29,30,32,33,2,"229,188,092",3,88,¼ª ÔÁ ÉÂ
2010/2/9,2010017,1,3,6,11,12,23,11,"221,450,104",9,52,¼½ ºÚ Õã Ãö
2010/2/7,2010016,2,8,10,12,30,33,16,"254,137,478",8,83,ÁÉ ËÕ Ô¥ ´¨
2010/2/4,2010015,1,4,16,21,23,28,6,"228,269,280",0,77,
2010/2/2,2010014,1,3,7,14,26,28,2,"225,210,868",3,86,»¦ Õã ÔÁ
2010/1/31,2010013,1,2,3,16,18,23,12,"263,984,534",25,171,»¦ ËÕ Íî Ãö
2010/1/28,2010012,2,8,13,14,25,33,10,"242,397,004",11,129,¾© »¦ ¸Ó Ô¥
2010/1/26,2010011,7,8,14,22,24,30,7,"241,790,928",2,53,Õã Ïæ
2010/1/24,2010010,7,8,12,15,22,26,8,"268,314,736",19,119,¾© ¼½ ÃÉ ÁÉ
2010/1/21,2010009,1,9,13,21,24,32,6,"243,000,026",10,109,¼ª »¦ Ãö Â³
2010/1/19,2010008,5,7,13,15,18,30,14,"244,041,538",3,61,¾© ¸Ó µá
2010/1/17,2010007,14,22,27,28,30,33,14,"273,993,220",3,111,ÁÉ ¼ª ÉîÛÚ
2010/1/14,2010006,3,5,7,13,14,18,5,"245,619,296",10,94,Íî ¶õ Ïæ ÉîÛÚ
2010/1/12,2010005,3,5,6,8,17,18,14,"239,722,776",7,105,ÁÉ ¼ª »¦ ÔÁ
2010/1/10,2010004,1,12,13,16,23,28,7,"262,213,890",4,53,»¦ ÔÁ
2010/1/7,2010003,14,22,26,27,28,31,4,"236,297,494",3,66,¸Ó Ïæ Çí
2010/1/5,2010002,3,6,7,23,30,33,13,"230,644,990",2,47,¾© Õã
2010/1/3,2010001,7,17,18,27,29,32,13,"260,561,792",7,95,¼ª ¶õ Ïæ ÔÁ
2009/12/31,2009154,1,7,12,14,18,25,16,"250,550,710",4,91,ËÕ Â³ ÉîÛÚ
2009/12/29,2009153,6,7,8,20,21,25,10,"238,623,826",9,277,¾© ÁÉ »¦ ËÕ
2009/12/27,2009152,3,4,19,21,27,28,5,"262,814,730",6,96,¾© ½ò Õã Ãö
2009/12/24,2009151,6,8,10,16,25,30,14,"242,662,946",5,212,¾© ËÕ Õã ÔÁ
2009/12/22,2009150,4,6,7,16,19,20,4,"240,949,072",2,68,Â³ ÔÁ
2009/12/20,2009149,1,3,16,18,22,29,4,"260,445,758",5,64,¾© »¦ Â³ Óå
2009/12/17,2009148,6,12,15,22,29,32,10,"234,965,094",3,117,ËÕ Çà
2009/12/15,2009147,6,8,10,18,22,32,16,"229,746,022",3,126,Íî Â³ ¶õ
2009/12/13,2009146,3,9,16,20,22,33,15,"265,187,498",7,89,¾© Â³ ÔÁ ÉîÛÚ
2009/12/10,2009145,3,5,11,15,26,33,11,"238,886,876",12,133,¾© ¼½ ÃÉ ÁÉ
2009/12/8,2009144,1,5,10,17,18,29,12,"234,614,110",5,87,ÁÉ »¦ Íî Óå
2009/12/6,2009143,5,9,11,17,23,28,10,"266,083,890",22,214,¾© ¼½ »¦ ËÕ
2009/12/3,2009142,7,11,15,19,20,24,13,"240,043,572",10,142,¾© ¼½ ËÕ Õã
2009/12/1,2009141,2,13,21,28,29,31,9,"237,668,962",15,77,Ïæ ÔÁ ¹ð Óå
2009/11/29,2009140,4,5,11,18,22,33,12,"257,453,092",1,71,¾©
2009/11/26,2009139,1,5,15,17,27,29,2,"235,679,662",2,77,ËÕ Íî
2009/11/24,2009138,4,7,14,26,32,33,14,"229,193,984",7,46,ÁÉ ºÚ Â³ ¶õ
2009/11/22,2009137,8,12,14,15,17,21,1,"250,971,196",2,42,¼½ µá
2009/11/19,2009136,1,4,14,22,30,33,1,"222,662,662",2,44,Õã ÉîÛÚ
2009/11/17,2009135,1,3,14,19,30,33,16,"218,222,340",9,129,»¦ Ãö ¹ó Çà
2009/11/15,2009134,3,5,12,15,28,33,6,"246,133,544",10,65,¾© ¼½ ÁÉ »¦
2009/11/12,2009133,5,9,13,18,20,32,1,"219,891,024",5,200,»¦ Íî ´¨ ÉÂ
2009/11/10,2009132,4,14,15,21,23,30,7,"227,359,216",13,130,ÁÉ ËÕ Íî ÔÁ
2009/11/8,2009131,16,23,25,26,32,33,5,"265,379,234",2,44,ÁÉ Õã
2009/11/5,2009130,2,3,7,12,13,30,11,"235,462,772",3,80,¾© ÔÁ ¸Ê
2009/11/3,2009129,6,7,16,17,24,25,7,"231,824,092",20,169,ÁÉ ¼ª ºÚ »¦
2009/11/1,2009128,5,8,15,16,26,32,1,"261,066,840",2,162,¾© »¦
2009/10/29,2009127,2,11,12,14,15,16,4,"243,177,980",14,98,¾© ÃÉ ÁÉ Ô¥
2009/10/27,2009126,3,5,6,10,19,23,15,"235,506,694",6,101,¾© Õã Ãö ¹ð
2009/10/25,2009125,6,7,8,22,26,27,12,"262,970,658",8,93,¼½ ÁÉ Õã ¶õ
2009/10/22,2009124,3,4,22,23,28,30,10,"249,561,480",9,65,ÁÉ ºÚ »¦ ËÕ
2009/10/20,2009123,9,13,20,22,25,28,14,"237,742,194",3,83,¾© ËÕ Ïæ
2009/10/18,2009122,7,14,16,27,29,32,1,"266,208,716",5,154,»¦ Íî Ãö ¶õ
2009/10/15,2009121,2,4,6,10,25,30,9,"239,496,416",8,72,ÁÉ »¦ ËÕ Õã
2009/10/13,2009120,1,2,8,12,16,30,16,"222,194,270",2,60,½ú Õã
2009/10/11,2009119,6,7,10,12,15,21,5,"232,178,172",1,55,¹ó
2009/10/8,2009118,12,16,25,26,27,31,5,"215,790,310",93,43,¾© ºÚ »¦ Ô¥
2009/10/6,2009117,5,9,15,21,26,31,13,"202,883,414",8,147,½ú ÃÉ ÁÉ ºÚ
2009/10/4,2009116,5,17,21,25,27,32,14,"221,054,568",7,53,ÁÉ »¦ Õã Â³
2009/10/1,2009115,2,9,13,15,19,24,3,"198,302,256",1,61,¸Ê
2009/9/29,2009114,3,5,11,12,31,32,11,"222,577,144",9,182,¾© ÁÉ Õã Íî
2009/9/27,2009113,4,12,20,25,28,29,16,"250,863,766",8,126,½ú ÁÉ Ãö Â³
2009/9/24,2009112,6,7,18,24,30,32,9,"227,610,064",6,55,»¦ Õã Ïæ ¸Ê
2009/9/22,2009111,2,4,7,14,15,25,15,"224,881,094",3,48,ËÕ ¶õ ÉîÛÚ
2009/9/20,2009110,4,10,13,15,19,30,14,"245,158,100",2,105,Íî µá
2009/9/17,2009109,5,6,7,14,25,28,1,"220,168,836",0,78,
2009/9/15,2009108,4,10,17,28,32,33,2,"215,736,244",5,78,Íî Â³ Ïæ µá
2009/9/13,2009107,7,8,20,23,28,29,5,"239,917,960",4,70,ËÕ Ãö ´¨ Çà
2009/9/10,2009106,1,2,15,18,20,29,4,"218,443,162",4,48,¾© ºÚ ËÕ ´¨
2009/9/8,2009105,2,8,10,16,27,30,15,"208,614,594",2,103,ºÚ ÉîÛÚ
2009/9/6,2009104,20,22,26,29,30,32,16,"233,718,766",5,39,ÉîÛÚ ¹ð Óå ´¨
2009/9/3,2009103,6,11,17,20,23,24,9,"215,101,390",10,53,»¦ ÔÁ Óå ÉÂ
2009/9/1,2009102,3,5,7,8,14,31,10,"211,207,990",7,63,¼ª Â³ ÉîÛÚ ´¨
2009/8/30,2009101,1,2,5,10,19,24,14,"235,272,092",0,112,
2009/8/27,2009100,2,11,17,27,30,33,11,"213,445,814",7,75,¼½ ºÚ ËÕ ¶õ
2009/8/25,2009099,8,9,18,20,25,29,9,"215,841,514",18,243,¼½ ºÚ »¦ Õã
2009/8/23,2009098,3,14,15,20,23,30,2,"234,823,318",11,265,¼½ ÁÉ ¼ª ¸Ó
2009/8/20,2009097,7,13,24,26,28,32,14,"209,714,238",4,50,»¦ Ô¥ ¶õ ¹ó
2009/8/18,2009096,1,26,27,31,32,33,3,"209,639,476",2,93,»¦ ËÕ
2009/8/16,2009095,8,9,14,28,31,33,15,"226,862,140",0,39,
2009/8/13,2009094,3,16,22,25,26,33,14,"207,069,924",3,90,¾© Óå ÉÂ
2009/8/11,2009093,1,11,20,31,32,33,1,"209,331,254",21,198,¾© ¼½ ÁÉ »¦
2009/8/9,2009092,2,6,7,14,18,31,8,"233,413,914",6,66,»¦ ËÕ ÔÁ ÉîÛÚ
2009/8/6,2009091,3,8,11,14,25,29,4,"211,875,120",4,168,¾© »¦ ¹ð ¸Ê
2009/8/4,2009090,7,9,14,20,23,30,14,"206,728,590",3,137,ÃÉ ¹ó µá
2009/8/2,2009089,2,3,7,11,19,32,4,"230,854,186",2,58,¼ª Óå
2009/7/30,2009088,4,7,11,15,16,17,2,"204,688,536",0,78,
2009/7/28,2009087,6,11,13,20,28,32,6,"201,493,798",2,40,ÔÁ ¹ó
2009/7/26,2009086,11,12,13,18,23,32,11,"222,559,596",3,47,¾© ½ò Ô¥
2009/7/23,2009085,4,8,12,17,20,30,3,"201,602,548",8,93,»¦ Õã Ãö ¶õ
2009/7/21,2009084,4,9,11,20,32,33,13,"198,945,272",2,53,ºÚ ÔÁ
2009/7/19,2009083,2,8,12,18,24,28,4,"219,733,470",11,361,¾© ½ú ÃÉ ÁÉ
2009/7/16,2009082,11,15,18,21,27,29,2,"200,877,058",2,52,»¦ Ô¥
2009/7/14,2009081,4,5,6,25,29,30,3,"198,933,210",1,56,¶õ
2009/7/12,2009080,1,11,13,25,32,33,6,"220,533,638",4,48,½ú Õã ÉîÛÚ ÐÂ
2009/7/9,2009079,2,9,16,21,30,31,13,"200,470,322",1,122,ÔÁ
2009/7/7,2009078,5,7,12,14,15,20,13,"196,218,272",2,88,Õã Ãö
2009/7/5,2009077,1,9,14,16,28,32,16,"216,463,266",4,75,ºÚ »¦ Â³ Ô¥
2009/7/2,2009076,9,18,19,25,28,31,6,"202,715,574",29,98,¾© ºÚ »¦ ËÕ
2009/6/30,2009075,1,13,15,17,20,30,5,"198,114,500",1,53,Õã
2009/6/28,2009074,5,10,16,19,23,28,13,"223,339,000",28,296,½ú ÃÉ ÁÉ ºÚ
2009/6/25,2009073,9,16,17,18,22,27,14,"208,376,662",16,103,¾© ÁÉ ËÕ Õã
2009/6/23,2009072,1,3,12,20,21,29,4,"211,601,456",7,40,ËÕ Õã Íî Ãö
2009/6/21,2009071,4,5,23,26,31,32,6,"231,131,078",5,40,¾© ÃÉ »¦ ËÕ
2009/6/18,2009070,1,2,9,10,21,31,10,"219,945,468",4,42,¾© ½ú ÉÂ
2009/6/16,2009069,3,5,12,18,21,23,2,"218,479,274",7,157,¼½ ºÚ Õã Ô¥
2009/6/14,2009068,6,11,18,20,25,30,5,"241,709,362",10,213,ÁÉ ËÕ ¶õ ÔÁ
2009/6/11,2009067,4,10,16,23,28,30,5,"219,034,212",12,168,¾© Õã Ãö Â³
2009/6/9,2009066,2,15,19,24,31,32,4,"218,893,000",9,34,Ãö Ïæ ÉîÛÚ Óå
2009/6/7,2009065,8,12,20,22,30,33,2,"242,812,406",5,63,»¦ Íî ÔÁ Óå
2009/6/4,2009064,1,2,14,23,28,29,15,"226,247,318",4,66,ºÚ Íî ¶õ ÉÂ
2009/6/2,2009063,2,5,11,26,30,32,16,"210,071,776",0,47,
2009/5/31,2009062,10,19,20,21,23,32,10,"239,346,092",7,120,¾© »¦ ÔÁ
2009/5/28,2009061,10,11,13,16,19,30,3,"202,235,730",1,32,ÔÁ
2009/5/26,2009060,7,13,17,26,32,33,4,"214,031,372",2,40,Íî Ïæ
2009/5/24,2009059,3,7,13,23,27,30,11,"236,158,050",2,184,Óå Çà
2009/5/21,2009058,5,8,10,15,23,26,9,"211,477,696",13,150,ºÚ Õã Â³ ÔÁ
2009/5/19,2009057,5,7,10,14,17,25,11,"209,587,496",6,180,»¦ Íî Ô¥ ÉîÛÚ
2009/5/17,2009056,4,9,10,18,29,32,8,"232,354,314",5,66,ËÕ Íî ¸Ó ´¨
2009/5/14,2009055,3,4,18,22,24,29,11,"213,511,884",3,69,ËÕ Ãö
2009/5/12,2009054,16,17,23,26,31,32,11,"212,918,588",6,73,ÁÉ ºÚ ¸Ó Ïæ
2009/5/10,2009053,7,12,18,19,22,28,4,"231,922,796",4,239,Õã Íî Â³ Ïæ
2009/5/7,2009052,9,11,15,19,21,30,8,"215,699,408",9,66,¾© »¦ ËÕ Õã
2009/5/5,2009051,6,10,13,16,21,23,7,"211,832,930",5,69,¾© ½ú ÃÉ Â³
2009/5/3,2009050,13,21,24,29,30,32,4,"223,078,776",3,35,½ò Õã ÉîÛÚ
2009/4/30,2009049,9,12,14,20,30,31,6,"204,405,802",3,45,½ú Â³ Ô¥
2009/4/28,2009048,3,7,11,15,17,31,1,"210,372,082",4,85,¾©
2009/4/26,2009047,6,8,11,15,21,22,16,"236,616,310",5,99,ºÚ »¦ Â³ ´¨
2009/4/23,2009046,16,20,21,26,29,30,9,"212,241,096",3,37,ÃÉ »¦ ËÕ
2009/4/21,2009045,3,4,6,23,30,32,1,"210,992,934",0,39,
2009/4/19,2009044,11,14,16,18,26,30,1,"229,851,250",2,50,Ô¥ µá
2009/4/16,2009043,4,9,10,15,18,26,7,"211,334,106",5,110,Íî Â³ ÔÁ ÉîÛÚ
2009/4/14,2009042,8,16,22,23,27,30,11,"207,877,744",2,79,ÁÉ Óå
2009/4/12,2009041,1,8,23,26,28,33,8,"229,731,450",9,45,ºÚ Õã Íî Ïæ
2009/4/9,2009040,4,7,10,20,26,30,12,"212,931,272",21,246,¾© ½ú »¦ ËÕ
2009/4/7,2009039,5,12,14,15,21,27,3,"207,130,808",3,81,ÃÉ ¶õ ÉîÛÚ
2009/4/5,2009038,12,13,15,23,28,32,5,"229,578,934",20,52,¹ó µá Çà
2009/4/2,2009037,2,6,15,18,20,31,3,"213,602,348",1,59,ËÕ
2009/3/31,2009036,6,9,18,23,32,33,7,"215,060,184",7,69,¾© ¼ª Óå ÉÂ
2009/3/29,2009035,6,15,21,26,29,31,5,"236,221,934",6,87,¼½ ËÕ ¶õ ÉÂ
2009/3/26,2009034,9,12,18,21,22,26,7,"214,772,934",5,107,Õã Â³ ¸Ê Äþ
2009/3/24,2009033,7,8,13,14,29,30,6,"212,148,538",6,125,¾© ½ú ÁÉ ËÕ
2009/3/22,2009032,9,11,12,19,27,32,6,"231,465,250",3,102,½ú ´¨ µá
2009/3/19,2009031,1,2,3,15,30,33,1,"220,305,014",6,66,ÃÉ ºÚ ËÕ Õã
2009/3/17,2009030,8,14,24,26,28,32,7,"218,775,106",8,56,¾© ÁÉ ¼ª »¦
2009/3/15,2009029,12,13,15,22,23,29,13,"243,921,424",3,65,ÃÉ ÔÁ ÉÂ
2009/3/12,2009028,3,6,12,15,23,26,10,"212,975,332",41,258,¾© ½ú ÁÉ ºÚ
2009/3/10,2009027,2,7,11,16,27,32,6,"210,676,594",19,153,½ú »¦ ËÕ ¸Ó
2009/3/8,2009026,11,15,17,18,20,30,16,"232,338,570",6,73,¼½ ¼ª Â³ ÔÁ
2009/3/5,2009025,10,20,22,23,26,33,11,"208,731,366",3,23,»¦ ÔÁ Çí
2009/3/3,2009024,1,3,17,23,30,33,12,"208,357,346",3,51,ÁÉ ËÕ ÐÂ
2009/3/1,2009023,1,6,7,15,24,30,8,"229,895,788",3,67,ËÕ Õã ÉîÛÚ
2009/2/26,2009022,5,8,9,10,11,18,8,"212,225,776",5,69,ÃÉ ÁÉ ¶õ ÉîÛÚ
2009/2/24,2009021,1,4,5,17,24,27,9,"207,029,170",3,52,¼½ ÉîÛÚ
2009/2/22,2009020,3,5,7,10,19,23,13,"231,854,880",4,65,¼½ ÁÉ Õã ÔÁ
2009/2/19,2009019,6,17,19,20,26,27,4,"193,303,346",0,76,
2009/2/17,2009018,2,5,6,19,27,30,15,"194,471,112",4,78,¾© ËÕ Õã Íî
2009/2/15,2009017,6,14,15,19,25,26,8,"214,067,758",5,70,ÁÉ »¦ Â³ ÔÁ
2009/2/12,2009016,2,7,13,16,20,33,3,"193,953,514",8,85,ËÕ Õã ¶õ ÉîÛÚ
2009/2/10,2009015,2,4,6,15,17,32,5,"185,426,162",1,37,Ãö
2009/2/8,2009014,3,6,9,14,15,18,2,"209,566,064",4,70,¼½ Õã
2009/2/5,2009013,4,8,9,21,26,27,9,"182,623,460",4,118,ºÚ ËÕ Íî ÔÁ
2009/2/3,2009012,5,11,14,17,18,28,1,"175,832,284",4,80,»¦ ËÕ Â³ Äþ
2009/2/1,2009011,2,4,13,14,18,23,15,"189,123,128",2,55,Ïæ ÉîÛÚ
2009/1/22,2009010,3,10,17,19,20,24,2,"189,703,670",0,100,
2009/1/20,2009009,8,15,21,30,31,33,2,"181,279,024",2,35,ºÚ ¹ó
2009/1/18,2009008,4,15,16,22,32,33,2,"207,103,370",4,99,ºÚ ¸Ó ÉÂ
2009/1/15,2009007,1,5,12,23,25,26,15,"185,060,730",7,42,ÔÁ ´¨
2009/1/13,2009006,6,12,18,20,26,33,2,"184,731,320",2,80,¼ª »¦
2009/1/11,2009005,1,3,8,15,17,21,13,"213,622,966",8,76,ÃÉ »¦ Â³ ÉîÛÚ
2009/1/8,2009004,3,11,13,17,28,31,3,"196,964,008",8,84,ÃÉ ËÕ Íî Ô¥
2009/1/6,2009003,2,3,6,15,25,30,2,"191,963,484",1,45,Ïæ
2009/1/4,2009002,10,14,17,25,29,33,14,"214,099,642",5,143,¾© ½ú Íî ´¨
2009/1/1,2009001,4,21,23,24,30,31,4,"188,339,912",1,36,¹ð
2008/12/30,2008154,2,5,7,21,22,26,8,"187,460,204",5,89,½ò »¦ ËÕ Íî
2008/12/28,2008153,1,4,18,21,24,30,16,"203,192,356",2,40,¾© Ô¥
2008/12/25,2008152,1,4,6,22,26,30,8,"185,010,624",4,46,ºÚ ¶õ ÔÁ ´¨
2008/12/23,2008151,6,8,10,14,17,19,6,"178,836,934",6,45,»¦ ËÕ Õã Ãö
2008/12/21,2008150,4,19,22,24,29,32,2,"199,701,670",2,41,ÁÉ
2008/12/18,2008149,10,14,22,28,29,33,2,"192,954,686",6,43,»¦ Õã Íî Â³
2008/12/16,2008148,3,5,9,22,26,28,9,"184,713,626",1,56,Ïæ
2008/12/14,2008147,7,8,14,22,26,33,2,"201,725,324",2,38,Óå ¸Ê
2008/12/11,2008146,7,8,17,19,31,32,10,"186,410,548",7,79,ºÚ »¦ Â³ Óå
2008/12/9,2008145,7,13,18,22,26,29,2,"178,220,662",7,102,Â³ ÔÁ ´¨ ¸Ê
2008/12/7,2008144,2,5,10,27,29,33,15,"194,035,022",4,41,ËÕ ¸Ó ´¨
2008/12/4,2008143,12,17,18,19,26,27,6,"175,828,406",5,85,ÃÉ ºÚ ËÕ Çà
2008/12/2,2008142,5,6,10,13,17,28,15,"181,220,636",7,127,ÁÉ Íî Â³ ¶õ
2008/11/30,2008141,3,13,20,25,29,33,15,"198,694,026",1,40,½ò
2008/11/27,2008140,7,14,16,29,30,31,14,"182,798,276",7,38,ÃÉ ÁÉ ¶õ Ïæ
2008/11/25,2008139,8,9,19,23,25,26,7,"180,577,258",3,47,ÃÉ Õã ÉîÛÚ
2008/11/23,2008138,7,14,19,23,25,32,4,"197,283,238",6,44,Ãö Â³ ÉîÛÚ ¹ó
2008/11/20,2008137,1,4,24,28,29,33,9,"178,412,318",4,21,ÁÉ Ïæ ´¨
2008/11/18,2008136,5,9,10,12,18,28,2,"175,281,498",1,104,Õã
2008/11/16,2008135,5,14,15,16,19,21,15,"199,297,252",2,51,¾© ÉîÛÚ
2008/11/13,2008134,10,15,19,20,28,32,2,"184,911,938",5,84,Õã Íî Ô¥ ¶õ
2008/11/11,2008133,8,11,16,19,24,26,11,"180,872,408",11,79,¾© ÁÉ ºÚ ËÕ
2008/11/9,2008132,9,13,16,25,27,33,8,"196,454,404",2,95,ÁÉ µá
2008/11/6,2008131,2,12,15,18,22,32,8,"174,029,788",7,59,¾© ÁÉ ËÕ Õã
2008/11/4,2008130,1,12,18,28,30,32,6,"181,993,644",2,37,Ô¥ Óå
2008/11/2,2008129,1,3,18,24,25,32,15,"197,717,092",1,100,ºÚ
2008/10/30,2008128,1,5,19,20,27,33,5,"181,169,198",4,52,¼½ Ô¥ ´¨
2008/10/28,2008127,5,8,19,22,27,30,13,"181,580,160",3,163,Ô¥ Ïæ
2008/10/26,2008126,4,11,12,14,20,30,13,"198,648,614",4,47,½ò ËÕ Õã µá
2008/10/23,2008125,10,11,12,15,26,29,9,"180,560,840",4,41,Â³ ÔÁ Óå ¹ó
2008/10/21,2008124,1,7,10,13,21,22,3,"182,202,870",2,69,ÃÉ ¼ª
2008/10/19,2008123,10,11,15,16,25,29,2,"200,338,784",2,83,ÔÁ ÐÂ
2008/10/16,2008122,2,8,11,14,19,26,15,"183,419,190",2,134,Â³ ÉîÛÚ
2008/10/14,2008121,2,22,23,27,31,32,6,"159,325,560",2,19,ÁÉ Õã
2008/10/12,2008120,10,11,22,24,26,33,2,"177,325,446",1,42,ºÚ
2008/10/9,2008119,5,7,9,15,24,29,7,"159,160,812",3,45,½ú ÁÉ »¦
2008/10/7,2008118,4,9,16,27,31,33,1,"151,771,380",1,43,Ô¥
2008/10/5,2008117,3,5,7,10,14,33,7,"159,338,244",2,54,»¦ Õã
2008/10/2,2008116,3,7,21,22,24,29,14,"131,959,380",3,88,Õã ¶õ µá
2008/9/30,2008115,2,12,13,14,17,18,6,"135,827,902",2,35,¶õ ÐÂ
2008/9/28,2008114,4,9,20,24,25,31,14,"164,160,014",4,69,»¦ ËÕ ¸Ó
2008/9/25,2008113,6,9,10,12,17,22,9,"154,570,240",10,58,ÁÉ Õã Ïæ ÔÁ
2008/9/23,2008112,5,13,14,19,22,23,6,"147,917,738",0,38,
2008/9/21,2008111,17,18,21,25,31,32,6,"165,394,226",2,23,ËÕ Ïæ
2008/9/18,2008110,10,16,22,23,29,31,2,"150,162,970",1,35,ËÕ
2008/9/16,2008109,4,7,9,16,21,28,10,"149,534,090",14,142,¼ª Õã Íî Â³
2008/9/14,2008108,9,10,15,17,23,30,12,"161,811,898",1,70,ºÚ
2008/9/11,2008107,6,13,18,22,27,32,4,"145,917,756",4,94,Õã ¶õ Ïæ
2008/9/9,2008106,14,19,25,27,29,30,15,"145,583,846",1,24,½ú
2008/9/7,2008105,5,17,19,27,28,32,2,"166,483,810",6,41,¾© ºÚ Õã Íî
2008/9/4,2008104,3,6,8,17,24,31,1,"146,186,834",2,101,¼½ Ô¥
2008/9/2,2008103,1,12,16,18,22,33,4,"145,961,956",3,29,ºÚ Â³ ÔÁ
2008/8/31,2008102,3,7,12,21,25,32,5,"163,061,174",6,106,¶õ ÉîÛÚ ¹ð Çí
2008/8/28,2008101,9,17,21,26,28,30,4,"146,389,400",9,32,¼½ Õã Ãö Â³
2008/8/26,2008100,8,14,17,21,27,28,14,"143,116,762",8,121,¾© ½ò ËÕ Õã
2008/8/24,2008099,10,15,16,22,23,24,7,"161,894,814",7,68,ºÚ »¦ µá ¸Ê
2008/8/21,2008098,6,7,10,11,15,30,1,"141,788,216",1,55,Ô¥
2008/8/19,2008097,3,6,8,9,16,17,13,"139,512,854",5,30,»¦ Õã Ô¥ Ïæ
2008/8/17,2008096,6,8,12,24,27,31,14,"155,836,508",1,83,Óå
2008/8/14,2008095,3,8,14,21,28,29,3,"141,671,626",11,108,ÁÉ ¼ª ËÕ Õã
2008/8/12,2008094,1,4,15,16,23,28,14,"138,848,472",0,45,
2008/8/10,2008093,4,10,12,16,26,28,7,"155,710,670",10,84,ÁÉ »¦ ËÕ Íî
2008/8/7,2008092,1,3,18,27,28,30,5,"147,648,912",9,43,»¦ Õã µá ÐÂ
2008/8/5,2008091,3,12,14,23,31,32,10,"144,363,788",3,38,ÁÉ ¼ª Ïæ
2008/8/3,2008090,2,7,14,18,19,24,1,"161,612,270",3,96,ÁÉ ÉîÛÚ ¸Ê
2008/7/31,2008089,3,6,11,16,22,27,11,"152,919,280",16,192,¼ª »¦ ËÕ Õã
2008/7/29,2008088,1,6,8,16,17,23,5,"145,378,764",4,40,Â³ ÔÁ ÉÂ
2008/7/27,2008087,1,7,26,29,30,31,6,"165,513,430",5,59,ÃÉ ÁÉ ºÚ ¶õ
2008/7/24,2008086,4,5,10,26,27,30,12,"149,218,680",1,37,»¦
2008/7/22,2008085,1,4,12,20,24,29,15,"147,121,156",2,29,ÁÉ ¼ª
2008/7/20,2008084,4,7,13,20,29,30,16,"164,902,436",5,133,ËÕ Ïæ ÔÁ ÉÂ
2008/7/17,2008083,7,8,9,18,29,32,9,"148,998,496",1,59,¶õ
2008/7/15,2008082,4,8,10,12,21,26,9,"145,747,052",3,52,¼ª ÔÁ
2008/7/13,2008081,2,12,13,18,25,31,4,"164,515,530",13,182,¾© ¼½ ËÕ Õã
2008/7/10,2008080,4,14,22,25,29,32,14,"147,833,964",2,37,Õã ÐÂ
2008/7/8,2008079,3,4,5,10,20,32,9,"146,233,386",3,56,ÁÉ Ô¥
2008/7/6,2008078,6,13,16,26,30,33,1,"163,038,372",3,29,Õã Ô¥ ¶õ
2008/7/3,2008077,4,12,22,26,30,33,9,"150,267,928",3,27,Â³ ÔÁ
2008/7/1,2008076,2,5,7,11,13,18,11,"149,452,982",1,44,Çí
2008/6/29,2008075,1,8,14,18,22,30,3,"165,190,272",1,32,ÁÉ
2008/6/26,2008074,1,11,15,19,20,24,9,"144,760,564",0,38,
2008/6/24,2008073,1,9,13,22,28,33,8,"145,507,408",2,39,ÔÁ
2008/6/22,2008072,1,5,10,18,22,30,9,"161,487,324",2,70,½ò »¦
2008/6/19,2008071,1,6,21,26,27,28,9,"149,342,332",6,52,¼½ Íî Â³ ¶õ
2008/6/17,2008070,5,6,12,15,18,33,13,"143,853,670",0,25,
2008/6/15,2008069,5,8,17,20,26,30,10,"160,540,160",10,76,ÁÉ »¦ Õã Íî
2008/6/12,2008068,5,7,17,23,27,29,7,"146,064,510",3,66,¾© Õã Â³
2008/6/10,2008067,10,11,15,19,26,33,13,"139,167,536",3,35,ÁÉ ºÚ Ô¥
2008/6/8,2008066,7,12,21,22,29,30,8,"157,257,472",11,92,
2008/6/5,2008065,5,13,15,19,30,31,5,"148,399,068",4,69,¾© ¼½ ÁÉ Õã
2008/6/3,2008064,1,2,7,9,12,18,12,"142,377,766",6,43,ÁÉ Õã Íî ´¨
2008/6/1,2008063,5,9,11,14,16,17,15,"155,226,836",2,48,¼½ Â³
2008/5/29,2008062,6,8,13,17,24,27,15,"137,719,710",2,59,Ïæ ÔÁ
2008/5/27,2008061,1,2,5,12,26,31,6,"133,881,926",1,14,ÔÁ
2008/5/25,2008060,6,7,8,17,30,32,3,"152,605,692",3,34,¾© Íî Â³
2008/5/22,2008059,2,6,15,29,31,32,16,"138,178,008",0,29,
2008/5/20,2008058,1,12,21,27,29,31,11,"133,093,020",7,79,ÁÉ ¼ª Â³ Ô¥
2008/5/18,2008057,19,20,21,26,28,30,8,"157,009,320",5,32,Íî Ãö Ô¥ ¶õ
2008/5/15,2008056,8,13,22,23,25,30,7,"143,711,520",6,65,ÁÉ ¶õ ÉîÛÚ Óå
2008/5/13,2008055,11,16,19,23,26,31,4,"140,054,516",3,44,»¦ ËÕ ¶õ
2008/5/11,2008054,2,6,16,17,20,25,7,"166,384,318",9,58,Õã ¶õ Óå ¹ó
2008/5/8,2008053,6,12,19,20,21,27,4,"150,163,792",8,175,¾© ¼½ ¼ª ¸Ó
2008/5/6,2008052,2,10,17,23,29,31,10,"150,880,684",13,311,ÁÉ ËÕ Õã ¶õ
2008/5/4,2008051,1,4,8,10,13,33,11,"168,795,820",5,32,ÁÉ »¦ ÔÁ ÉîÛÚ
2008/5/1,2008050,1,11,19,24,26,27,3,"143,428,932",5,39,½ò ¼½ ÔÁ ÉîÛÚ
2008/4/29,2008049,3,10,12,13,19,25,4,"156,554,264",3,63,½ò Óå
2008/4/27,2008048,11,18,21,27,30,32,1,"177,125,564",6,66,¼ª »¦ ËÕ Õã
2008/4/24,2008047,9,12,13,14,20,22,10,"159,244,658",3,30,Õã Â³
2008/4/22,2008046,15,16,18,24,28,33,15,"154,575,398",1,21,¶õ
2008/4/20,2008045,1,10,13,21,29,32,4,"166,853,172",2,81,Ô¥ µá
2008/4/17,2008044,5,7,9,20,26,29,9,"154,045,626",4,63,¾© ËÕ µá
2008/4/15,2008043,3,10,16,22,27,33,14,"152,620,756",2,38,ËÕ ÐÂ
2008/4/13,2008042,3,4,9,11,12,24,1,"172,844,294",4,168,¸Ó Óå ´¨
2008/4/10,2008041,8,11,20,22,23,27,4,"153,107,854",1,29,ËÕ
2008/4/8,2008040,6,13,22,25,27,28,9,"147,866,454",3,29,¼½ Íî ÉîÛÚ
2008/4/6,2008039,1,7,10,13,22,29,1,"167,098,814",3,80,ÃÉ ÁÉ Õã
2008/4/3,2008038,3,9,10,11,15,19,13,"156,472,902",4,38,¼½ ÃÉ ËÕ
2008/4/1,2008037,1,12,22,24,28,31,6,"155,799,266",4,34,¼ª ¶õ ¹ó
2008/3/30,2008036,2,6,13,18,23,28,16,"175,839,426",5,218,¼½ Õã Â³ ÔÁ
2008/3/27,2008035,7,11,14,17,18,29,16,"157,220,200",1,48,Ïæ
2008/3/25,2008034,3,5,9,11,21,29,9,"159,514,754",15,123,¾© ½ú ÁÉ ºÚ
2008/3/23,2008033,12,17,18,30,31,33,4,"180,595,348",1,37,ËÕ
2008/3/20,2008032,5,14,16,21,23,28,13,"160,439,648",0,61,
2008/3/18,2008031,3,6,11,15,21,31,13,"158,624,334",3,79,Õã ¸Ê Çà
2008/3/16,2008030,6,15,18,19,20,28,11,"179,312,028",3,44,ËÕ Õã ÉîÛÚ
2008/3/13,2008029,1,9,14,22,29,32,12,"161,219,452",2,44,ÁÉ ¶õ
2008/3/11,2008028,1,13,21,26,29,32,10,"160,518,620",1,40,µá
2008/3/9,2008027,15,18,19,23,24,26,13,"174,009,958",0,37,
2008/3/6,2008026,5,17,19,27,29,32,3,"152,462,456",4,42,¸Ó ¶õ ´¨ µá
2008/3/4,2008025,8,16,17,18,19,21,14,"153,154,654",2,48,¾© »¦
2008/3/2,2008024,11,20,21,26,28,30,13,"170,256,022",2,30,Õã ÉÂ
2008/2/28,2008023,8,16,18,25,26,32,2,"153,560,364",4,82,»¦ ËÕ ¶õ
2008/2/26,2008022,12,18,20,24,28,32,5,"144,863,010",0,59,
2008/2/24,2008021,9,12,19,20,26,28,15,"160,910,474",3,95,Õã Íî Ïæ
2008/2/21,2008020,3,10,13,15,28,30,3,"146,348,748",8,207,ÁÉ ºÚ »¦ ËÕ
2008/2/19,2008019,2,9,11,17,27,31,5,"141,971,234",5,103,ÁÉ ¸Ó Ô¥ ÔÁ
2008/2/17,2008018,2,5,6,23,26,33,13,"157,186,176",1,23,ÉîÛÚ
2008/2/14,2008017,2,5,7,17,20,22,2,"132,359,640",2,50,Ïæ ÔÁ
2008/2/5,2008016,3,12,14,21,29,33,13,"140,568,370",0,22,
2008/2/3,2008015,6,8,11,16,29,33,3,"150,230,862",0,46,
2008/1/31,2008014,3,9,11,17,21,31,14,"135,835,312",9,195,ºÚ Õã Ãö ¶õ
2008/1/29,2008013,2,8,15,16,22,28,10,"134,411,428",15,144,¾© ¼½ ºÚ »¦
2008/1/27,2008012,3,4,5,16,20,30,13,"154,610,224",8,54,ºÚ Õã Ãö
2008/1/24,2008011,2,14,17,21,30,32,3,"142,739,106",1,21,Óå
2008/1/22,2008010,3,8,11,17,21,27,9,"146,738,458",26,196,¾© ¼½ ËÕ Õã
2008/1/20,2008009,9,21,29,30,31,32,16,"165,349,862",2,39,¾© ½ò
2008/1/17,2008008,2,15,16,23,26,27,7,"150,661,200",6,43,Õã Ãö Â³ ¹ð
2008/1/15,2008007,1,13,17,22,23,30,11,"145,532,348",3,26,¼ª Ô¥ ÉÂ
2008/1/13,2008006,1,14,16,18,22,27,14,"165,907,668",1,35,Â³
2008/1/10,2008005,3,5,15,22,24,25,15,"154,340,740",2,93,Óå ´¨
2008/1/8,2008004,4,8,22,23,27,29,8,"154,299,042",5,40,Íî ¶õ ÔÁ ¹ó
2008/1/6,2008003,6,8,11,13,17,19,12,"175,940,428",18,76,¾© ¼½ »¦ Õã
2008/1/3,2008002,3,4,18,22,25,29,9,"153,610,222",6,66,½ú ËÕ ¸Ó ¶õ
2008/1/1,2008001,2,4,7,9,14,29,3,"143,343,976",1,53,¼ª
2007/12/30,2007153,1,4,19,20,25,31,15,"169,633,854",1,79,´¨
2007/12/27,2007152,11,17,21,29,30,33,8,"156,184,910",1,33,»¦
2007/12/25,2007151,1,6,10,11,23,25,2,"153,939,934",8,73,»¦ ËÕ Õã ¶õ
2007/12/23,2007150,3,5,11,13,19,24,5,"166,649,572",2,78,¾© ¶õ
2007/12/20,2007149,1,17,19,22,28,30,3,"149,288,714",2,23,ËÕ ¹ð
2007/12/18,2007148,3,9,16,17,23,28,7,"158,818,618",59,169,¾© ¼½ ÁÉ »¦
2007/12/16,2007147,3,7,18,24,26,27,4,"179,005,766",4,74,½ú ºÚ ¶õ ´¨
2007/12/13,2007146,4,18,22,24,26,30,9,"158,863,498",2,41,ÁÉ Çà
2007/12/11,2007145,8,9,11,12,25,31,11,"156,683,190",4,44,¼½ ÔÁ ¹ð µá
2007/12/9,2007144,8,14,23,25,28,32,16,"178,734,532",2,59,ÁÉ Íî
2007/12/6,2007143,1,6,22,23,24,26,4,"152,332,662",1,22,ÁÉ
2007/12/4,2007142,11,20,25,26,27,30,8,"148,389,454",0,35,
2007/12/2,2007141,2,3,4,6,17,31,8,"166,050,194",3,33,¾© ÔÁ
2007/11/29,2007140,1,5,16,21,22,26,11,"143,598,644",4,54,¸Ó ¶õ ÉîÛÚ ÉÂ
2007/11/27,2007139,6,10,12,14,16,22,6,"147,362,270",22,62,ÉîÛÚ ¸Ê
2007/11/25,2007138,2,3,15,17,19,25,16,"167,481,164",0,85,
2007/11/22,2007137,3,7,8,18,20,22,3,"148,358,822",7,74,ÁÉ ËÕ Â³ Ô¥
2007/11/20,2007136,1,2,18,21,25,29,14,"148,075,802",4,26,¾© ºÚ Õã ÔÁ
2007/11/18,2007135,1,11,16,26,31,33,16,"159,526,566",0,32,
2007/11/15,2007134,1,4,10,13,18,25,15,"141,752,438",1,47,¶õ
2007/11/13,2007133,3,6,7,11,13,33,10,"145,163,392",11,64,ºÚ ËÕ Â³ Ô¥
2007/11/11,2007132,1,9,16,21,22,23,5,"155,862,750",0,33,
2007/11/8,2007131,3,5,7,16,22,27,5,"139,489,488",3,29,Â³ ¶õ Óå
2007/11/6,2007130,3,5,9,11,27,31,4,"134,915,286",5,98,¼ª ÉîÛÚ Çà Äþ
2007/11/4,2007129,5,7,20,21,22,30,8,"152,215,698",12,93,¾© ¼½ ÁÉ Ô¥
2007/11/1,2007128,9,10,19,21,27,31,5,"130,058,308",1,45,ÁÉ
2007/10/30,2007127,6,9,13,16,24,28,11,"131,706,110",17,78,¾© ÁÉ ËÕ Íî
2007/10/28,2007126,9,10,19,23,26,31,9,"170,508,318",15,124,¾© »¦ Â³ ÔÁ
2007/10/25,2007125,3,5,18,20,27,33,1,"137,439,952",0,71,
2007/10/23,2007124,3,7,13,16,19,32,16,"131,087,996",0,41,
2007/10/21,2007123,1,13,15,23,28,32,2,"149,864,730",2,19,Õã Â³
2007/10/18,2007122,4,7,19,24,26,32,9,"130,402,942",7,80,»¦ ËÕ Â³ ÔÁ
2007/10/16,2007121,3,10,21,22,27,28,6,"125,337,786",1,28,ÔÁ
2007/10/14,2007120,6,7,11,12,18,25,1,"136,778,106",0,38,
2007/10/11,2007119,3,8,11,13,25,31,12,"124,850,416",23,58,¾© ¼½ ÁÉ ºÚ
2007/10/9,2007118,4,10,16,18,25,32,15,"124,978,730",5,48,Íî Â³ Ïæ µá
2007/10/7,2007117,3,7,9,10,26,32,1,"132,359,640",2,50,Ïæ ÔÁ
2007/10/4,2007116,3,5,7,11,17,27,13,"113,457,608",7,85,¼½ Õã Íî ¸Ó
2007/10/2,2007115,1,5,10,16,20,26,2,"108,125,704",0,53,
2007/9/30,2007114,5,12,15,24,27,33,5,"143,109,004",12,167,¼½ ½ú ÁÉ ºÚ
2007/9/27,2007113,4,18,23,25,26,31,10,"124,724,404",1,26,Çí
2007/9/25,2007112,7,11,14,16,25,32,11,"128,550,874",1,38,ºÚ
2007/9/23,2007111,2,9,10,12,13,17,11,"136,651,412",0,20,
2007/9/20,2007110,2,4,7,15,24,28,3,"119,714,108",4,41,¾© Â³ ÔÁ ´¨
2007/9/18,2007109,1,4,7,8,13,14,4,"117,653,172",2,50,ÁÉ Õã
2007/9/16,2007108,3,7,12,13,20,33,2,"136,419,830",3,77,Õã ÔÁ ÉîÛÚ
2007/9/13,2007107,2,8,9,18,24,28,10,"118,762,906",6,38,ÁÉ »¦ ¶õ ¹ð
2007/9/11,2007106,12,18,21,24,25,29,8,"113,328,304",1,20,¾©
2007/9/9,2007105,2,7,10,17,23,29,14,"134,273,360",6,111,»¦ Õã ¹ð ´¨
2007/9/6,2007104,2,8,12,14,20,32,4,"108,150,420",3,30,ºÚ »¦ ËÕ
2007/9/4,2007103,7,9,25,27,30,32,1,"102,844,920",0,26,
2007/9/2,2007102,4,6,8,18,20,33,11,"119,528,600",2,27,ÔÁ Çí
2007/8/30,2007101,15,16,18,21,22,30,14,"103,261,246",2,19,ºÚ Â³
2007/8/28,2007100,8,18,27,29,30,32,6,"100,804,514",5,43,½ú ºÚ ¸Ó ÉîÛÚ
2007/8/26,2007099,3,4,14,27,31,33,5,"115,727,006",5,61,»¦ ¶õ ÔÁ Óå
2007/8/23,2007098,2,3,5,11,19,20,12,"103,284,906",3,45,ËÕ ÔÁ Óå
2007/8/21,2007097,4,8,13,18,26,30,11,"99,828,090",12,48,¼½ ÁÉ ºÚ ËÕ
2007/8/19,2007096,9,10,20,22,30,32,8,"116,298,698",2,31,¾© ÔÁ
2007/8/16,2007095,1,6,8,18,29,32,7,"101,322,650",4,54,Ô¥ ÔÁ ´¨
2007/8/14,2007094,3,5,18,19,24,32,2,"100,279,716",3,41,½ò Õã Â³
2007/8/12,2007093,5,10,13,15,19,29,2,"115,267,274",1,142,¼½
2007/8/9,2007092,14,18,22,23,24,33,9,"100,547,190",1,33,»¦
2007/8/7,2007091,2,11,17,30,31,32,7,"98,640,430",2,25,ÔÁ ÉîÛÚ
2007/8/5,2007090,5,11,13,27,30,31,2,"114,857,394",1,49,½ú
2007/8/2,2007089,3,7,8,15,19,28,3,"99,074,148",11,102,¼½ ÁÉ ¼ª ºÚ
2007/7/31,2007088,2,4,10,28,29,33,6,"97,931,132",1,22,ËÕ
2007/7/29,2007087,1,3,4,5,8,21,9,"115,648,010",1,34,´¨
2007/7/26,2007086,5,8,14,22,27,29,16,"102,347,618",3,67,ÁÉ Ãö Óå
2007/7/24,2007085,2,12,17,19,29,30,12,"101,375,038",4,48,Õã Ô¥ ÔÁ Äþ
2007/7/22,2007084,6,10,12,14,20,27,10,"117,091,964",4,29,¾© »¦ ËÕ ÉÂ
2007/7/19,2007083,11,14,18,20,21,26,5,"100,264,804",5,37,¾© ËÕ ¸Ó Äþ
2007/7/17,2007082,5,15,17,18,25,32,15,"101,473,624",7,46,¼½ ¼ª ËÕ Â³
2007/7/15,2007081,9,14,15,19,24,33,13,"120,651,274",5,58,»¦ Õã Ïæ ÔÁ
2007/7/12,2007080,1,8,16,18,19,29,4,"105,252,328",7,125,¾© ÁÉ »¦ ËÕ
2007/7/10,2007079,3,4,14,20,21,25,14,"103,249,956",1,41,¼ª
2007/7/8,2007078,4,6,7,23,25,32,1,"121,749,606",3,23,¼ª ËÕ Ô¥
2007/7/5,2007077,6,8,14,21,28,29,2,"107,569,632",2,68,Â³ ´¨
2007/7/3,2007076,6,12,15,16,20,31,2,"106,329,426",0,29,
2007/7/1,2007075,13,16,17,22,30,32,3,"125,477,334",2,34,ÔÁ
2007/6/28,2007074,8,13,15,25,27,28,3,"108,638,452",5,47,ÃÉ »¦ ËÕ Õã
2007/6/26,2007073,5,9,11,19,28,31,2,"109,359,702",4,55,ÁÉ »¦ ËÕ ´¨
2007/6/24,2007072,2,4,8,13,14,33,16,"131,085,768",5,40,¾© ÁÉ ¸Ó ÔÁ
2007/6/21,2007071,1,6,14,21,30,31,9,"116,647,272",4,37,Õã Â³
2007/6/19,2007070,6,8,15,17,18,30,12,"114,811,644",4,54,½ú Õã Ïæ
2007/6/17,2007069,3,4,11,12,14,32,12,"137,143,568",4,17,ÁÉ Íî ¶õ ¸Ê
2007/6/14,2007068,11,18,19,22,23,28,1,"109,334,584",1,24,¶õ
2007/6/12,2007067,6,11,13,17,21,23,11,"106,213,796",1,27,¶õ
2007/6/10,2007066,5,11,16,24,32,33,8,"122,787,844",1,49,ÔÁ
2007/6/7,2007065,4,7,19,21,25,31,7,"106,720,024",6,69,Õã Ô¥ ¶õ ÔÁ
2007/6/5,2007064,2,6,9,16,21,23,16,"107,504,678",1,23,¾©
2007/6/3,2007063,10,15,17,24,26,28,12,"124,445,210",3,48,Â³ ÔÁ
2007/5/31,2007062,8,17,20,29,30,33,9,"106,979,026",2,30,¾© Íî
2007/5/29,2007061,1,6,7,11,20,23,5,"107,509,478",0,25,
2007/5/27,2007060,1,2,8,16,19,29,5,"122,877,416",1,42,¸Ó
2007/5/24,2007059,1,3,4,6,7,29,14,"107,668,468",0,12,
2007/5/22,2007058,7,8,10,13,25,27,7,"106,118,326",6,85,¾© ÁÉ »¦ ¶õ
2007/5/20,2007057,5,11,18,19,20,21,9,"125,193,540",3,27,¾© ÔÁ
2007/5/17,2007056,14,17,21,29,31,32,12,"111,070,368",1,26,½ò
2007/5/15,2007055,2,6,11,22,28,29,2,"109,364,728",2,66,ÁÉ Â³
2007/5/13,2007054,1,3,16,18,23,28,5,"126,641,628",1,35,ºÚ
2007/5/10,2007053,10,13,16,17,18,27,11,"109,175,190",2,19,ÁÉ Äþ
2007/5/8,2007052,2,3,7,8,26,29,7,"107,460,952",2,25,Õã Ãö
2007/5/6,2007051,3,14,16,26,27,33,13,"128,364,720",6,30,»¦ Õã Ïæ ¹ð
2007/5/3,2007050,1,5,8,13,18,25,2,"105,495,070",3,87,»¦ Óå
2007/5/1,2007049,4,14,18,19,31,33,2,"109,032,730",2,39,»¦ µá
2007/4/29,2007048,2,11,12,15,17,28,12,"136,379,094",5,56,ÁÉ ÔÁ Óå µá
2007/4/26,2007047,2,4,16,18,23,30,6,"119,916,622",3,57,¾© ½ò ÁÉ
2007/4/24,2007046,2,6,7,9,19,26,14,"119,427,296",4,54,¾© ºÚ »¦
2007/4/22,2007045,1,12,18,21,28,30,10,"136,615,924",2,71,Õã Íî
2007/4/19,2007044,9,13,20,21,24,32,8,"124,340,438",1,47,ÁÉ
2007/4/17,2007043,3,8,10,11,14,30,5,"122,386,058",4,39,Â³ ÔÁ
2007/4/15,2007042,3,13,16,19,32,33,8,"142,691,830",0,27,
2007/4/12,2007041,1,3,9,11,26,31,12,"121,205,882",1,47,Ô¥
2007/4/10,2007040,13,14,15,19,24,30,10,"118,331,436",0,45,
2007/4/8,2007039,6,7,19,24,27,29,1,"143,011,060",5,82,½ò ¼ª Â³ ÔÁ
2007/4/5,2007038,3,11,14,19,21,30,5,"119,984,574",3,26,¼½ Íî Ïæ
2007/4/3,2007037,10,11,16,23,31,33,16,"116,812,284",0,12,
2007/4/1,2007036,3,14,21,23,30,31,10,"134,541,242",1,18,Óå
2007/3/29,2007035,1,4,8,12,29,31,6,"114,653,702",2,15,Õã µá
2007/3/27,2007034,2,9,12,14,23,25,16,"114,516,916",0,61,
2007/3/25,2007033,3,4,11,17,18,28,9,"134,912,082",8,103,½ò »¦ Õã ¶õ
2007/3/22,2007032,4,8,16,24,30,32,16,"119,343,222",7,50,½ú ºÚ ¸Ó Ïæ
2007/3/20,2007031,4,6,10,12,19,31,1,"117,363,182",2,41,ÁÉ »¦
2007/3/18,2007030,3,16,21,22,27,30,4,"133,913,730",2,51,Íî ¸Ó
2007/3/15,2007029,6,8,9,11,19,21,10,"113,666,804",2,64,Óå
2007/3/13,2007028,3,8,13,20,29,30,11,"116,965,154",5,69,¶õ ÔÁ ¹ð ÉÂ
2007/3/11,2007027,2,3,9,22,24,27,11,"128,748,636",0,25,
2007/3/8,2007026,1,4,14,16,26,29,10,"109,462,504",2,51,½ú ÔÁ
2007/3/6,2007025,3,16,18,22,23,26,3,"104,560,512",5,50,ËÕ Õã Ãö ´¨
2007/3/4,2007024,8,9,17,25,27,32,6,"121,542,842",3,52,ºÚ ¶õ ¹ó
2007/3/1,2007023,3,7,13,17,32,33,2,"112,284,838",1,38,Õã
2007/2/27,2007022,2,4,7,10,18,27,10,"107,756,880",8,52,ÁÉ ºÚ Ãö ¶õ
2007/2/25,2007021,3,6,9,11,25,31,13,"113,756,430",4,30,¾© ËÕ Õã ¶õ
2007/2/15,2007020,5,10,16,20,28,31,14,"126,700,040",1,86,¼ª
2007/2/13,2007019,4,11,16,23,29,31,14,"115,956,594",3,210,¾© ºÚ ¶õ
2007/2/11,2007018,1,12,18,20,21,26,11,"133,609,680",7,77,ÃÉ ¼ª ËÕ Ãö
2007/2/8,2007017,5,9,10,24,25,32,14,"114,012,860",3,46,½ú ËÕ ÉîÛÚ
2007/2/6,2007016,1,18,20,22,26,33,5,"116,998,640",8,35,¾© Õã ÔÁ
2007/2/4,2007015,3,4,8,18,22,30,15,"139,341,652",2,72,½ú Ïæ
2007/2/1,2007014,1,13,16,20,24,26,9,"115,219,742",2,33,Õã Â³
2007/1/30,2007013,5,15,18,27,29,32,5,"115,053,692",1,45,¾©
2007/1/28,2007012,3,5,7,21,26,28,4,"134,084,158",1,26,Â³
2007/1/25,2007011,3,10,15,25,28,33,16,"115,841,486",1,24,Íî
2007/1/23,2007010,3,8,14,17,30,32,5,"115,335,536",3,37,¶õ Óå ´¨
2007/1/21,2007009,2,4,14,15,25,27,15,"132,693,662",3,78,ÁÉ Â³
2007/1/18,2007008,1,4,5,18,19,25,10,"116,492,752",2,38,Õã ¶õ
2007/1/16,2007007,4,12,15,17,22,32,14,"111,917,406",3,31,¾© ¶õ µá
2007/1/14,2007006,6,10,14,22,26,27,11,"130,460,716",7,82,¶õ ÉîÛÚ
2007/1/11,2007005,1,5,6,16,24,30,12,"113,427,606",1,28,ºÚ
2007/1/9,2007004,3,7,10,13,25,33,10,"109,946,044",3,38,ÁÉ ºÚ
2007/1/7,2007003,5,9,11,12,22,27,15,"129,783,464",2,98,ÔÁ Çí
2007/1/4,2007002,5,6,14,20,21,22,1,"112,130,528",1,45,¶õ
2007/1/2,2007001,2,4,9,10,20,26,14,"107,551,896",1,40,ËÕ
2006/12/31,2006154,7,14,18,20,30,33,13,"141,112,320",4,34,
2006/12/28,2006153,1,7,11,20,30,33,10,"116,654,792",2,26,Õã Çí
2006/12/26,2006152,1,14,20,25,27,31,15,"119,601,334",2,29,¹ð Óå
2006/12/24,2006151,1,3,4,6,16,22,8,"138,410,226",3,29,»¦ ÔÁ µá
2006/12/21,2006150,8,9,12,18,25,27,12,"115,993,740",3,84,ÁÉ ÔÁ µá
2006/12/19,2006149,2,3,5,11,15,32,15,"115,306,168",3,34,¼½ ´¨
2006/12/17,2006148,4,8,12,13,23,29,1,"132,637,320",2,64,»¦
2006/12/14,2006147,1,4,15,17,27,31,1,"116,514,674",3,62,¾© ¼½ ¸Ê
2006/12/12,2006146,3,9,13,23,28,30,5,"115,654,738",3,62,»¦ ÉîÛÚ
2006/12/10,2006145,2,7,23,26,28,31,7,"132,458,778",2,33,¼ª ÉîÛÚ
2006/12/7,2006144,4,10,13,16,22,29,6,"114,335,670",0,29,
2006/12/5,2006143,1,15,20,29,31,32,8,"112,319,084",1,19,ÉîÛÚ
2006/12/3,2006142,10,16,19,22,26,27,16,"129,524,666",5,50,¾© ËÕ Õã ÔÁ
2006/11/30,2006141,16,18,22,23,25,31,11,"113,085,938",4,18,½ú ¼ª Íî ÉîÛÚ
2006/11/28,2006140,1,8,11,18,19,23,5,"113,078,350",4,46,½ú ÃÉ ÔÁ
2006/11/26,2006139,7,8,14,21,23,25,5,"131,547,148",1,62,Â³
2006/11/23,2006138,4,9,11,17,18,26,8,"117,330,686",8,65,½ò ½ú ÁÉ Õã
2006/11/21,2006137,10,14,17,21,27,31,9,"114,978,368",7,31,¾© ÁÉ ºÚ »¦
2006/11/19,2006136,11,15,17,21,22,24,5,"134,814,524",1,33,´¨
2006/11/16,2006135,4,19,21,22,23,31,4,"117,256,018",1,11,ËÕ
2006/11/14,2006134,10,13,18,26,28,30,12,"117,122,256",3,26,¼ª ËÕ µá
2006/11/12,2006133,4,6,20,25,29,31,3,"132,260,424",0,29,
2006/11/9,2006132,6,14,22,26,30,33,1,"112,975,272",0,19,
2006/11/7,2006131,3,4,9,22,26,33,1,"109,252,010",0,30,
2006/11/5,2006130,1,12,21,22,30,32,2,"127,450,422",2,36,¸Ó ¹ó
2006/11/2,2006129,9,14,18,22,27,29,12,"114,763,814",18,192,ÁÉ ¼ª ËÕ Õã
2006/10/31,2006128,4,15,21,30,31,33,5,"112,378,664",2,27,¾© Õã
2006/10/29,2006127,3,4,11,17,19,30,1,"132,007,038",1,68,Õã
2006/10/26,2006126,2,8,13,16,24,33,9,"112,001,142",5,32,¼½ Õã ¸Ó ¸Ê
2006/10/24,2006125,15,19,23,30,32,33,6,"108,541,420",0,23,
2006/10/22,2006124,12,13,14,18,31,32,13,"126,512,484",3,33,¾© ÃÉ Ïæ
2006/10/19,2006123,2,3,20,25,28,32,6,"109,186,124",0,29,
2006/10/17,2006122,4,5,6,8,22,24,3,"106,944,306",6,26,¾© ºÚ ËÕ ¹ð
2006/10/15,2006121,3,4,6,27,31,33,6,"121,563,190",0,20,
2006/10/12,2006120,6,8,14,15,24,33,9,"106,800,148",16,45,¼½ ËÕ ¸Ó ÔÁ
2006/10/10,2006119,1,2,14,20,27,30,2,"104,253,630",3,18,Ïæ ¹ð Óå
2006/10/8,2006118,1,3,7,8,10,30,5,"120,456,838",1,38,¸Ó
2006/10/5,2006117,6,14,20,22,23,26,9,"102,567,054",0,27,
2006/10/3,2006116,5,16,21,22,32,33,9,"98,613,202",4,19,½ò »¦ ÉîÛÚ ¹ð
2006/10/1,2006115,1,10,20,26,28,29,15,"124,883,314",8,26,Â³ Ïæ ÔÁ
2006/9/28,2006114,8,10,14,20,27,29,16,"108,934,344",2,38,¼½ ËÕ
2006/9/26,2006113,5,14,17,18,28,33,2,"107,572,058",4,43,½ú Â³ µá ¸Ê
2006/9/24,2006112,4,9,13,15,31,33,11,"125,399,344",2,24,Â³ ÔÁ
2006/9/21,2006111,1,8,11,16,17,22,15,"108,913,454",2,57,¾© ÉîÛÚ
2006/9/19,2006110,9,12,14,18,27,33,13,"109,867,074",0,37,
2006/9/17,2006109,1,5,17,18,23,26,13,"126,119,150",1,55,Óå
2006/9/14,2006108,2,6,8,20,24,30,9,"109,119,888",6,39,»¦ ¸Ó Â³ ¶õ
2006/9/12,2006107,1,6,8,13,17,30,7,"104,721,686",4,52,»¦ Õã ÉîÛÚ
2006/9/10,2006106,2,12,14,19,28,33,10,"125,436,850",3,43,»¦ ÔÁ ¸Ê
2006/9/7,2006105,5,12,14,15,20,31,1,"107,101,384",0,24,
2006/9/5,2006104,3,7,22,27,28,31,11,"103,600,434",1,27,¾©
2006/9/3,2006103,12,14,15,25,28,31,6,"121,181,078",1,33,´¨
2006/8/31,2006102,1,4,13,19,20,24,11,"101,870,248",0,29,
2006/8/29,2006101,9,12,20,26,27,28,16,"103,642,530",3,34,½ú Õã µá
2006/8/27,2006100,1,11,18,26,30,32,3,"121,377,382",0,26,
2006/8/24,2006099,9,12,18,23,24,27,5,"104,632,276",3,37,¾© ´¨ ¹ó
2006/8/22,2006098,6,7,10,11,18,23,16,"106,596,798",2,49,Ô¥ ¶õ
2006/8/20,2006097,11,14,15,20,26,27,12,"121,243,358",0,36,
2006/8/17,2006096,1,5,9,13,18,33,14,"104,405,910",0,92,
2006/8/15,2006095,1,3,17,20,21,29,16,"102,008,350",0,22,
2006/8/13,2006094,15,16,17,18,24,33,13,"118,981,520",1,22,¼½
2006/8/10,2006093,2,12,16,18,19,23,5,"103,069,550",0,27,
2006/8/8,2006092,2,8,11,16,20,21,14,"100,741,394",1,27,ÉÂ
2006/8/6,2006091,7,8,12,21,22,24,7,"117,308,110",1,45,¼½
2006/8/3,2006090,2,11,15,20,23,29,11,"96,271,594",3,59,¾© Ïæ ¸Ê
2006/8/1,2006089,1,13,16,18,19,22,1,"94,591,130",2,32,Ô¥ µá
2006/7/30,2006088,3,11,20,24,25,26,1,"114,786,458",5,27,¾© »¦ Ô¥ ¶õ
2006/7/27,2006087,4,5,8,9,12,30,5,"100,404,616",2,32,¼ª Ãö
2006/7/25,2006086,4,6,10,24,26,31,6,"100,268,238",3,43,ÔÁ
2006/7/23,2006085,2,6,18,21,24,25,8,"113,841,824",3,30,½ò ´¨
2006/7/20,2006084,1,12,17,21,25,28,12,"95,796,786",5,24,¼½ Â³ ÔÁ ÉîÛÚ
2006/7/18,2006083,7,9,18,19,26,29,10,"94,698,606",7,66,¾© ½ú »¦ Õã
2006/7/16,2006082,3,13,15,23,28,29,9,"110,771,614",8,86,ºÚ ÔÁ ÉÂ
2006/7/13,2006081,14,16,18,21,22,32,4,"94,879,564",1,31,ÔÁ
2006/7/11,2006080,15,17,20,22,26,29,9,"95,689,488",1,8,Óå
2006/7/9,2006079,6,11,13,17,20,32,8,"113,367,342",3,53,¾© Õã ´¨
2006/7/6,2006078,3,5,17,22,31,33,12,"96,331,128",2,45,Íî Â³
2006/7/4,2006077,8,9,12,13,19,33,9,"95,566,810",0,21,
2006/7/2,2006076,4,10,17,21,29,32,14,"111,315,098",7,48,¼½ ÁÉ ËÕ ¶õ
2006/6/29,2006075,10,21,22,23,25,33,11,"98,135,212",1,18,ÁÉ
2006/6/27,2006074,1,3,15,19,25,33,4,"97,994,678",0,22,
2006/6/25,2006073,5,13,16,18,27,29,12,"113,367,342",3,53,¾© Õã ´¨
2006/6/22,2006072,2,3,5,20,21,24,8,"97,222,706",0,14,
2006/6/20,2006071,5,11,12,19,29,31,1,"98,069,610",2,46,½ò ÔÁ
2006/6/18,2006070,2,3,11,13,20,27,2,"117,810,232",2,49,¾© »¦
2006/6/15,2006069,5,16,20,22,29,30,8,"103,486,846",1,18,ÔÁ
2006/6/13,2006068,3,7,10,14,30,33,10,"101,776,294",2,40,»¦ µá
2006/6/11,2006067,7,8,11,16,17,24,13,"119,304,720",0,36,
2006/6/8,2006066,6,8,11,18,30,33,5,"105,113,854",1,22,Íî
2006/6/6,2006065,4,8,17,28,29,30,13,"105,179,330",2,39,ËÕ ´¨
2006/6/4,2006064,3,12,14,21,24,28,11,"120,208,036",4,76,Íî Â³ ÔÁ ÉîÛÚ
2006/6/1,2006063,4,5,15,21,23,24,8,"101,449,632",2,18,ÁÉ »¦
2006/5/30,2006062,18,22,23,24,26,30,1,"103,173,418",0,16,
2006/5/28,2006061,5,13,17,19,25,30,11,"119,567,188",3,45,¾© ÃÉ ¸Ó
2006/5/25,2006060,5,15,19,23,30,32,14,"103,935,570",1,33,Õã
2006/5/23,2006059,5,10,15,17,27,29,11,"100,396,304",3,60,¾© ËÕ ¸Ó
2006/5/21,2006058,1,12,22,23,24,25,14,"116,033,720",2,50,¼½ Ô¥
2006/5/18,2006057,3,4,17,18,21,31,8,"99,929,702",3,30,¼½ ÁÉ Ô¥
2006/5/16,2006056,11,13,15,21,23,25,8,"103,929,956",10,76,ËÕ Ïæ ÔÁ ´¨
2006/5/14,2006055,4,5,28,29,31,33,11,"119,895,110",5,29,½ú ¶õ ÔÁ ´¨
2006/5/11,2006054,3,5,7,10,28,30,4,"103,152,448",3,47,¶õ Ïæ ´¨
2006/5/9,2006053,1,11,17,27,28,31,2,"100,676,240",7,59,¼ª ËÕ Õã ¶õ
2006/5/7,2006052,11,24,26,27,30,32,3,"118,886,736",1,27,¾©
2006/5/4,2006051,2,6,7,17,27,30,16,"97,800,512",1,30,¶õ
2006/5/1,2006050,2,6,12,15,25,31,7,"94,915,860",1,39,¼½
2006/4/30,2006049,6,10,12,13,17,20,3,"123,714,924",3,29,»¦ ÔÁ ÉîÛÚ
2006/4/27,2006048,9,13,19,25,29,32,12,"108,892,170",3,20,ÉîÛÚ ´¨ µá
2006/4/25,2006047,2,17,20,22,28,32,3,"109,048,914",2,20,Â³ ´¨
2006/4/23,2006046,13,18,23,29,31,32,8,"128,175,586",3,22,¼½ ÔÁ ´¨
2006/4/20,2006045,6,7,10,14,20,21,4,"109,852,122",0,53,
2006/4/18,2006044,2,10,18,21,30,31,5,"107,026,164",0,24,
2006/4/16,2006043,5,12,13,16,23,32,3,"125,637,310",2,36,¸Ó ÔÁ
2006/4/13,2006042,3,16,23,26,28,31,11,"105,723,260",1,7,´¨
2006/4/11,2006041,3,10,16,18,21,28,4,"105,725,214",2,49,ÁÉ Õã
2006/4/9,2006040,15,22,25,26,28,33,3,"123,352,566",0,20,
2006/4/6,2006039,16,19,22,28,31,32,3,"106,258,396",1,18,ÃÉ
2006/4/4,2006038,2,14,17,19,22,30,10,"101,996,466",2,32,Õã
2006/4/2,2006037,2,12,23,24,25,32,14,"124,438,394",1,59,¹ó
2006/3/30,2006036,4,7,10,16,17,21,9,"109,841,862",1,38,Íî
2006/3/28,2006035,3,9,13,21,27,29,13,"107,522,946",2,117,ËÕ ¸Ó
2006/3/26,2006034,2,10,15,16,17,33,13,"128,871,804",4,38,»¦ ËÕ ÔÁ µá
2006/3/23,2006033,15,20,22,23,27,31,6,"111,163,226",0,5,
2006/3/21,2006032,5,18,20,24,26,31,9,"110,906,190",4,24,Ïæ ÔÁ Óå Çà
2006/3/19,2006031,3,10,12,16,31,32,14,"124,118,424",0,16,
2006/3/16,2006030,8,13,15,17,20,32,14,"104,007,536",0,21,
2006/3/14,2006029,3,4,7,9,14,19,8,"101,076,256",3,28,¾© ¼½
2006/3/12,2006028,5,7,14,16,17,27,4,"115,594,746",3,40,ÁÉ ÔÁ
2006/3/9,2006027,6,8,11,14,16,27,15,"105,074,006",2,27,Íî ÔÁ
2006/3/7,2006026,1,2,18,22,29,32,3,"101,697,504",2,19,½ú ÔÁ
2006/3/5,2006025,3,4,17,19,24,32,5,"114,242,160",2,26,»¦
2006/3/2,2006024,2,7,9,11,21,27,6,"99,899,450",2,43,¾© ºÚ
2006/2/28,2006023,4,13,14,19,23,28,8,"94,622,606",6,32,ÁÉ ¼ª Íî ¶õ
2006/2/26,2006022,2,3,4,13,16,27,13,"109,077,186",0,17,
2006/2/23,2006021,1,2,5,20,21,22,9,"94,454,936",2,26,½ò Óå
2006/2/21,2006020,5,9,21,23,26,29,6,"93,253,284",1,39,Õã
2006/2/19,2006019,4,6,13,22,26,32,7,"105,480,332",2,21,ÁÉ ¸Ó
2006/2/16,2006018,1,13,14,17,24,26,5,"87,008,450",0,17,
2006/2/14,2006017,3,4,8,31,32,33,2,"89,616,926",2,28,Õã ¹ð
2006/2/12,2006016,1,7,13,17,23,30,16,"103,427,620",2,105,ÔÁ
2006/2/9,2006015,2,3,9,15,29,32,3,"88,355,360",5,22,¼½ ´¨ µá ÉÂ
2006/2/7,2006014,6,14,26,29,32,33,7,"82,668,894",2,12,Íî ¶õ
2006/2/5,2006013,1,5,6,12,16,21,11,"84,977,250",1,30,¸Ê
2006/1/26,2006012,9,11,13,27,31,33,10,"101,562,774",3,28,ÁÉ Óå µá
2006/1/24,2006011,5,7,8,14,27,31,11,"89,227,522",2,28,ËÕ Óå
2006/1/22,2006010,4,6,12,19,27,29,8,"110,089,308",17,93,¼½ ÃÉ ÁÉ ËÕ
2006/1/19,2006009,5,6,8,20,26,30,6,"91,943,224",4,51,ºÚ Â³ Ïæ ´¨
2006/1/17,2006008,3,5,9,18,28,32,16,"91,800,142",9,117,¾© ÁÉ »¦ Õã
2006/1/15,2006007,4,16,18,27,32,33,7,"111,611,858",2,22,¾© ¶õ
2006/1/12,2006006,8,21,22,23,26,32,14,"95,871,778",3,14,»¦ ÉîÛÚ µá
2006/1/10,2006005,3,19,20,24,26,27,11,"95,099,522",2,20,ËÕ Ïæ
2006/1/8,2006004,4,8,17,27,28,31,7,"110,726,140",7,61,¼½ ËÕ Õã ÔÁ
2006/1/5,2006003,2,4,5,6,16,20,12,"97,626,902",1,17,¼½
2006/1/3,2006002,7,13,16,21,26,28,9,"94,624,640",5,34,ËÕ Õã Ïæ ²Ø
2006/1/1,2006001,1,12,15,19,21,28,3,"118,081,372",2,21,¼½ Õã
2005/12/29,2005153,4,5,7,21,26,29,1,"97,908,590",1,16,ÉÂ
2005/12/27,2005152,1,5,12,14,21,27,3,"94,543,810",8,46,ÁÉ Õã Íî Â³
2005/12/25,2005151,4,11,12,13,19,30,5,"112,380,820",3,56,¾© »¦ Óå
2005/12/22,2005150,3,7,10,14,18,20,2,"94,339,478",1,54,¼½
2005/12/20,2005149,11,16,21,23,25,32,7,"93,699,080",2,27,¾© ¸Ê
2005/12/18,2005148,3,15,17,23,24,29,13,"107,658,676",3,47,¾© ½ú µá
2005/12/15,2005147,6,7,15,27,28,30,10,"92,151,598",0,27,
2005/12/13,2005146,7,11,19,20,24,28,2,"91,683,000",3,39,¼ª Õã ÔÁ
2005/12/11,2005145,3,7,8,17,20,28,15,"107,763,236",5,64,¼ª »¦ ÉîÛÚ ÉÂ
2005/12/8,2005144,1,8,14,15,19,27,9,"93,615,492",3,33,ËÕ Õã Íî
2005/12/6,2005143,3,10,15,17,20,32,8,"89,833,786",3,16,½ú ¼ª Â³
2005/12/4,2005142,7,10,12,17,22,29,5,"107,920,884",6,33,¾© ¼½ Ïæ Óå
2005/12/1,2005141,3,5,8,12,16,19,15,"98,736,818",4,55,¾© ÁÉ Õã Óå
2005/11/29,2005140,4,6,7,8,12,17,7,"97,816,778",1,17,¾©
2005/11/27,2005139,2,7,20,23,32,33,10,"113,954,368",4,19,¼½ ¼ª
2005/11/24,2005138,3,5,6,11,20,22,13,"99,148,234",0,34,
2005/11/22,2005137,3,9,15,23,25,33,12,"94,838,566",2,36,¹ð Óå
2005/11/20,2005136,5,14,16,18,25,27,13,"110,922,040",2,46,Â³ ÉîÛÚ
2005/11/17,2005135,1,5,13,15,21,25,11,"98,055,380",2,15,ÁÉ »¦
2005/11/15,2005134,4,13,14,18,26,30,1,"96,024,468",0,27,
2005/11/13,2005133,1,7,14,16,18,25,11,"112,647,856",2,108,Õã ÉÂ
2005/11/10,2005132,2,4,10,18,27,29,15,"94,130,152",0,22,
2005/11/8,2005131,2,7,10,11,12,24,3,"92,470,384",1,47,»¦
2005/11/6,2005130,3,5,9,15,20,25,16,"107,409,392",6,104,ÃÉ ËÕ Ãö ¶õ
2005/11/3,2005129,5,10,14,20,27,33,3,"92,402,414",1,40,½ú
2005/11/1,2005128,2,4,14,23,29,33,15,"90,364,038",7,23,¼½ ½ú Õã ¶õ
2005/10/30,2005127,4,6,11,14,23,25,12,"100,319,936",2,22,½ú ÔÁ
2005/10/27,2005126,2,8,13,19,25,26,9,"89,725,146",13,148,ÁÉ »¦ ËÕ ¸Ó
2005/10/25,2005125,6,14,18,28,31,32,3,"87,866,546",5,10,ÔÁ
2005/10/23,2005124,5,6,10,19,31,33,11,"100,141,228",3,34,ÁÉ ÉîÛÚ Óå
2005/10/20,2005123,11,12,13,17,18,25,7,"88,748,762",4,32,¾© Õã ÉÂ
2005/10/18,2005122,1,4,7,14,30,32,9,"86,580,310",1,11,»¦
2005/10/16,2005121,1,7,20,25,31,32,12,"98,424,618",1,9,¾©
2005/10/13,2005120,1,6,13,18,30,32,14,"85,309,164",0,15,
2005/10/11,2005119,1,7,11,18,20,22,2,"84,606,492",1,73,ÃÉ
2005/10/9,2005118,4,9,12,15,26,31,16,"100,005,930",3,113,¼½ ¸Ó ´¨
2005/10/6,2005117,6,17,22,27,28,32,3,"88,046,422",1,34,µá
2005/10/4,2005116,4,6,8,14,15,30,10,"82,761,716",2,14,¾© ºÚ
2005/10/2,2005115,3,12,18,23,30,33,2,"100,744,056",2,27,ÔÁ ÉÂ
2005/9/29,2005114,6,7,10,15,21,27,6,"83,220,546",2,20,¶õ Óå
2005/9/27,2005113,15,18,20,22,26,27,3,"84,045,660",4,11,¶õ ÉîÛÚ µá
2005/9/25,2005112,4,12,22,28,29,30,16,"96,648,022",0,24,
2005/9/22,2005111,3,7,15,16,19,29,9,"84,986,902",1,24,ÔÁ
2005/9/20,2005110,7,10,16,19,24,25,9,"80,799,964",2,24,¶õ ¹ó
2005/9/18,2005109,3,5,13,15,17,31,4,"95,781,382",1,17,Ïæ
2005/9/15,2005108,3,10,12,24,29,30,6,"84,723,006",4,24,ÁÉ ¼ª ÔÁ
2005/9/13,2005107,9,10,20,24,25,26,11,"84,794,920",3,35,ÁÉ ËÕ ¸Ó
2005/9/11,2005106,1,11,13,24,26,31,13,"99,286,104",6,35,¾© ÃÉ ÁÉ Â³
2005/9/8,2005105,4,15,23,30,32,33,3,"87,687,830",2,14,¼ª ÔÁ
2005/9/6,2005104,2,4,21,23,30,33,9,"87,523,934",1,7,Õã
2005/9/4,2005103,4,7,16,18,23,30,7,"101,882,938",7,72,ÁÉ »¦ ËÕ Õã
2005/9/1,2005102,2,5,6,14,24,31,12,"85,261,292",0,7,
2005/8/30,2005101,9,16,19,21,22,24,12,"83,203,780",0,17,
2005/8/28,2005100,2,4,9,14,16,31,3,"98,607,066",0,19,
2005/8/25,2005099,10,13,16,22,24,31,9,"84,539,242",3,12,¾© Â³
2005/8/23,2005098,12,15,19,22,31,33,1,"82,354,218",2,18,¶õ ´¨
2005/8/21,2005097,5,10,23,27,28,30,15,"95,744,622",4,19,¾© ¸Ó ´¨
2005/8/18,2005096,4,5,17,18,26,33,4,"85,977,004",1,28,ÁÉ
2005/8/16,2005095,9,12,18,21,28,29,5,"81,902,156",0,27,
2005/8/14,2005094,3,5,9,23,27,33,3,"92,955,416",0,16,
2005/8/11,2005093,4,6,17,23,25,29,14,"81,066,546",2,61,¾© Â³
2005/8/9,2005092,8,13,19,26,28,31,10,"82,564,864",4,25,¾© ºÚ Ô¥
2005/8/7,2005091,1,11,12,15,26,27,13,"95,665,834",2,28,Ãö ¸Ó
2005/8/4,2005090,1,9,21,25,29,32,3,"82,913,536",1,10,»¦
2005/8/2,2005089,5,19,20,23,26,31,12,"79,337,620",0,25,
2005/7/31,2005088,1,3,7,18,20,24,7,"90,904,986",1,27,Õã
2005/7/28,2005087,8,9,15,16,23,26,8,"79,213,276",1,37,µá
2005/7/26,2005086,7,11,12,24,27,29,12,"77,364,602",5,61,ÃÉ »¦ ËÕ ÔÁ
2005/7/24,2005085,8,9,13,14,20,22,12,"89,568,388",1,47,¶õ
2005/7/21,2005084,1,2,7,15,19,20,3,"78,941,520",8,28,¾© Ô¥ ÔÁ µá
2005/7/19,2005083,3,5,9,14,16,30,13,"76,251,350",3,25,ÁÉ Ô¥ ´¨
2005/7/17,2005082,1,7,11,14,19,20,12,"90,397,368",1,40,Óå
2005/7/14,2005081,2,4,10,12,26,30,3,"78,229,226",2,37,¾© ¸Ê
2005/7/12,2005080,1,12,14,26,27,32,16,"77,732,422",1,27,¼½
2005/7/10,2005079,3,9,20,24,25,28,5,"90,690,486",2,24,¾© ¹ó
2005/7/7,2005078,3,11,15,20,26,32,11,"78,597,462",1,24,ÔÁ
2005/7/5,2005077,8,17,22,24,32,33,16,"76,776,232",1,25,½ú
2005/7/3,2005076,4,9,11,22,25,28,13,"89,406,860",1,45,ÔÁ
2005/6/30,2005075,11,13,14,16,18,31,14,"77,727,922",2,14,¼½ »¦
2005/6/28,2005074,6,9,18,20,26,29,9,"77,117,314",4,26,ËÕ ´¨ µá ÉÂ
2005/6/26,2005073,1,6,8,9,18,20,1,"91,231,396",2,29,ºÚ »¦
2005/6/23,2005072,6,10,19,20,24,33,11,"79,624,618",3,38,ÁÉ ÉîÛÚ ÉÂ
2005/6/21,2005071,4,8,12,14,16,22,10,"76,440,970",0,15,
2005/6/19,2005070,3,4,8,14,16,26,4,"93,029,490",2,21,¸Ó ¸Ê
2005/6/16,2005069,7,9,21,24,31,33,12,"77,421,708",0,17,
2005/6/14,2005068,1,8,10,13,25,33,13,"76,931,454",3,20,Õã ´¨ ÉÂ
2005/6/12,2005067,3,12,16,20,21,26,16,"91,360,150",2,40,¾© ¸Ó
2005/6/9,2005066,2,4,10,11,25,28,5,"78,834,656",2,30,ËÕ Â³
2005/6/7,2005065,12,16,17,21,22,23,16,"78,406,326",2,17,ºÚ Ô¥
2005/6/4,2005064,10,18,23,27,30,32,8,"91,725,346",1,22,»¦
2005/6/2,2005063,2,11,13,18,22,30,4,"78,062,342",2,14,ÁÉ
2005/5/31,2005062,2,7,11,12,20,23,7,"78,069,394",4,32,ÃÉ ÁÉ Íî µá
2005/5/29,2005061,5,9,14,21,23,24,1,"91,763,234",0,20,
2005/5/26,2005060,9,12,21,25,31,33,13,"80,020,874",3,17,¾© ½ú
2005/5/24,2005059,7,11,14,18,24,29,7,"78,358,206",5,63,¼½ ËÕ ¹ð Óå
2005/5/22,2005058,4,6,10,21,25,26,10,"93,045,298",1,36,¾©
2005/5/19,2005057,5,6,10,15,30,31,13,"79,892,628",1,20,¹ó
2005/5/17,2005056,12,17,19,27,29,31,9,"76,174,508",4,46,ÃÉ »¦ Ô¥ ´¨
2005/5/15,2005055,5,20,22,30,32,33,9,"93,309,308",2,20,Ô¥ ÔÁ
2005/5/12,2005054,5,13,17,18,21,29,14,"81,854,430",1,34,¾©
2005/5/10,2005053,4,7,10,14,27,29,9,"76,967,356",3,25,ÁÉ »¦ Ïæ
2005/5/8,2005052,1,2,14,17,30,32,1,"90,275,684",1,20,¸Ê
2005/5/5,2005051,3,6,14,19,20,21,2,"72,706,272",1,43,¼½
2005/5/3,2005050,2,9,12,20,26,32,13,"132,579,703",0,23,
2005/5/1,2005049,2,3,8,10,25,27,12,"87,276,712",1,9,ÔÁ
2005/4/28,2005048,6,7,8,10,16,28,2,"80,188,244",0,29,
2005/4/26,2005047,2,3,5,7,8,27,15,"77,150,922",0,22,
2005/4/24,2005046,9,16,18,20,22,24,5,"91,639,786",1,23,¹ó
2005/4/21,2005045,1,7,10,15,18,20,10,"77,512,424",0,19,
2005/4/19,2005044,1,6,16,17,18,22,9,"70,627,418",0,32,
2005/4/17,2005043,4,5,6,7,8,32,5,"91,903,906",7,14,¼½ Íî Ãö
2005/4/14,2005042,11,16,21,26,27,30,15,"79,192,448",2,24,¶õ Ïæ
2005/4/12,2005041,2,11,16,23,24,29,3,"78,144,480",3,36,Íî Ãö ÔÁ
2005/4/10,2005040,1,12,21,24,30,32,13,"89,311,042",1,14,Ô¥
2005/4/7,2005039,2,16,18,19,21,29,9,"78,209,132",2,18,Â³ Ô¥
2005/4/5,2005038,4,7,11,20,27,28,16,"76,754,210",2,69,¾© µá
2005/4/3,2005037,7,12,14,22,24,32,16,"88,843,416",1,25,¼ª
2005/3/31,2005036,12,19,20,21,26,31,15,"76,548,738",0,21,
2005/3/29,2005035,12,16,21,28,29,30,14,"73,995,036",1,15,Ïæ
2005/3/27,2005034,5,17,18,25,28,32,9,"92,625,150",8,54,¾© ÁÉ ºÚ Â³
2005/3/24,2005033,7,8,12,14,19,20,7,"76,996,234",0,10,
2005/3/22,2005032,5,15,19,20,25,29,3,"75,420,852",4,52,¾© ½ò ¶õ
2005/3/20,2005031,4,10,16,20,23,32,7,"88,181,316",1,44,µá
2005/3/17,2005030,1,5,9,14,22,28,5,"78,215,814",3,34,¼½ ÁÉ ÉÂ
2005/3/15,2005029,2,14,21,22,27,30,14,"73,015,078",0,12,
2005/3/13,2005028,4,9,22,25,26,32,10,"83,942,448",1,18,´¨
2005/3/10,2005027,1,3,4,6,21,32,15,"74,896,882",1,12,»¦
2005/3/8,2005026,6,12,14,20,25,26,7,"72,124,158",1,24,Õã
2005/3/6,2005025,1,7,10,11,13,32,7,"83,986,854",1,18,ÉÂ
2005/3/3,2005024,5,9,14,27,31,32,13,"72,808,046",4,37,ËÕ ¸Ó ¶õ ¹ó
2005/3/1,2005023,10,15,19,20,21,25,12,"70,112,088",4,20,¾© ÃÉ ËÕ ²Ø
2005/2/27,2005022,8,10,12,21,32,33,4,"87,869,528",8,52,¾© ÁÉ ºÚ Â³
2005/2/24,2005021,2,6,24,26,30,31,16,"74,925,080",0,5,
2005/2/22,2005020,14,16,19,20,25,29,5,"71,772,338",1,27,Çà
2005/2/20,2005019,6,11,12,13,19,22,8,"80,017,318",1,17,µá
2005/2/17,2005018,1,3,6,22,23,25,6,"70,853,674",1,22,½ò
2005/2/8,2005017,2,6,10,25,27,31,3,"69,139,166",2,17,Çí ¹ó
2005/2/6,2005016,1,5,6,12,16,30,15,"85,896,264",0,27,
2005/2/3,2005015,4,8,9,16,17,29,15,"71,767,638",1,43,Óå
2005/2/1,2005014,13,19,21,23,30,32,5,"70,400,450",3,18,¾© ¶õ Äþ
2005/1/30,2005013,7,8,16,19,20,24,6,"85,862,110",9,62,¾© ÁÉ »¦ Õã
2005/1/27,2005012,2,3,6,16,22,31,5,"73,524,782",2,50,¼ª ÔÁ
2005/1/25,2005011,9,11,13,15,22,30,15,"70,934,662",1,15,ºÚ
2005/1/23,2005010,8,10,11,18,25,26,1,"86,560,850",5,65,¼ª Íî ¶õ ÉîÛÚ
2005/1/20,2005009,2,17,22,27,29,31,14,"74,072,772",1,11,Íî
2005/1/18,2005008,11,19,22,27,32,33,11,"72,041,750",1,26,ÃÉ
2005/1/16,2005007,7,15,17,20,23,33,15,"86,322,510",2,15,»¦ ËÕ
2005/1/13,2005006,2,4,5,15,21,31,16,"74,203,108",2,14,´¨ Äþ
2005/1/11,2005005,5,9,20,26,28,33,15,"87,357,176",2,61,ÃÉ Óå
2005/1/9,2005004,1,4,8,9,22,23,3,"87,357,176",4,42,¾© ½ú ÁÉ ËÕ
2005/1/6,2005003,9,12,15,19,22,31,16,"74,532,408",6,26,¾© ºÚ »¦ Õã
2005/1/4,2005002,6,9,20,26,28,33,14,"69,161,632",1,28,ÁÉ
2005/1/2,2005001,1,7,8,23,27,28,14,"82,345,328",0,24,
2004/12/30,2004122,3,11,14,22,24,31,15,"73,723,296",0,0,
2004/12/28,2004121,7,13,16,18,30,32,10,"71,029,820",0,0,
2004/12/26,2004120,7,8,18,21,27,32,10,"87,000,158",0,0,
2004/12/23,2004119,6,9,18,20,25,33,6,"74,319,134",0,0,
2004/12/21,2004118,3,4,7,12,30,31,15,"73,120,372",0,0,
2004/12/19,2004117,1,3,7,14,24,25,7,"88,600,982",0,0,
2004/12/16,2004116,1,3,5,8,14,33,3,"76,958,968",0,0,
2004/12/14,2004115,2,16,20,30,31,33,1,"73,673,592",0,0,
2004/12/12,2004114,1,6,9,17,21,22,1,"90,387,406",0,0,
2004/12/9,2004113,8,10,23,25,31,32,7,"78,297,556",0,0,
2004/12/7,2004112,9,13,15,21,26,33,6,"73,167,518",0,0,
2004/12/5,2004111,11,16,18,20,26,31,2,"85,650,300",0,0,
2004/12/2,2004110,14,19,20,21,22,31,11,"75,845,326",0,0,
2004/11/30,2004109,6,8,10,17,30,31,14,"70,969,916",0,0,
2004/11/28,2004108,8,13,14,27,28,31,12,"87,178,712",0,0,
2004/11/25,2004107,1,8,12,13,18,20,7,"73,766,690",0,0,
2004/11/23,2004106,10,15,23,26,28,29,12,"73,170,708",0,0,
2004/11/21,2004105,7,9,10,21,23,30,12,"88,083,126",0,0,
2004/11/18,2004104,7,11,17,18,24,29,5,"77,680,562",0,0,
2004/11/16,2004103,2,3,5,9,16,21,2,"78,484,502",0,0,
2004/11/14,2004102,3,9,12,15,28,32,1,"94,949,994",0,0,
2004/11/11,2004101,2,9,14,19,25,26,15,"70,744,348",0,0,
2004/11/9,2004100,6,8,9,14,24,33,15,"68,740,958",0,0,
2004/11/7,2004099,5,10,21,22,26,33,2,"80,866,870",0,0,
2004/11/4,2004098,3,12,13,25,26,31,3,"70,521,134",0,0,
2004/11/2,2004097,10,19,20,26,29,31,14,"67,373,290",0,0,
2004/10/31,2004096,1,4,12,16,20,30,15,"80,026,728",0,0,
2004/10/28,2004095,19,22,27,28,30,32,1,"71,852,542",0,0,
2004/10/26,2004094,5,9,10,13,24,25,8,"67,261,634",0,0,
2004/10/24,2004093,11,14,20,27,32,33,5,"79,237,088",0,0,
2004/10/21,2004092,1,4,8,13,28,31,2,"68,711,350",0,0,
2004/10/19,2004091,9,13,14,21,30,33,1,"65,871,134",0,0,
2004/10/17,2004090,1,18,20,24,32,33,12,"78,631,066",0,0,
2004/10/14,2004089,14,17,20,25,28,30,14,"67,942,334",0,0,
2004/10/12,2004088,2,10,19,22,24,32,14,"63,311,248",0,0,
2004/10/10,2004087,1,3,7,8,25,26,14,"79,731,102",0,0,
2004/10/7,2004086,10,13,18,19,25,27,1,"64,152,202",0,0,
2004/10/5,2004085,3,8,11,29,30,32,1,"58,608,118",0,0,
2004/10/3,2004084,1,4,8,11,21,25,14,"71,287,498",0,0,
2004/9/30,2004083,14,16,27,28,30,33,6,"67,740,048",0,0,
2004/9/28,2004082,3,20,24,27,29,30,15,"66,973,086",0,0,
2004/9/26,2004081,3,5,21,24,27,32,6,"80,066,860",0,0,
2004/9/24,2004080,3,8,20,23,24,26,16,"70,123,190",0,0,
2004/9/21,2004079,7,13,14,17,19,30,3,"63,685,518",0,0,
2004/9/19,2004078,4,5,10,21,24,26,5,"79,354,040",0,0,
2004/9/16,2004077,8,9,10,14,16,26,7,"69,121,428",0,0,
2004/9/14,2004076,3,5,13,17,25,31,7,"63,859,190",0,0,
2004/9/12,2004075,7,18,21,26,27,28,7,"78,991,502",0,0,
2004/9/9,2004074,5,6,15,19,26,29,13,"68,096,176",0,0,
2004/9/7,2004073,2,7,13,16,23,28,16,"61,137,370",0,0,
2004/9/5,2004072,8,15,18,28,30,33,14,"77,849,352",0,0,
2004/9/2,2004071,3,8,16,17,21,29,6,"67,283,612",0,0,
2004/8/31,2004070,10,12,21,22,30,33,6,"57,522,300",0,0,
2004/8/29,2004069,2,11,15,20,22,29,5,"75,514,566",0,0,
2004/8/26,2004068,2,8,11,13,24,31,15,"65,964,386",0,0,
2004/8/24,2004067,1,6,7,13,16,32,4,"52,451,144",0,0,
2004/8/22,2004066,5,13,20,23,24,25,3,"79,363,542",0,0,
2004/8/19,2004065,13,14,27,29,32,33,8,"81,729,668",0,0,
2004/8/15,2004064,14,15,18,20,27,31,4,"80,884,374",0,0,
2004/8/12,2004063,7,10,13,16,27,28,7,"80,827,418",0,0,
2004/8/8,2004062,1,12,25,27,28,29,13,"80,873,918",0,0,
2004/8/5,2004061,13,16,19,20,23,33,9,"83,100,610",0,0,
2004/8/1,2004060,3,5,11,24,27,28,15,"82,300,446",0,0,
2004/7/29,2004059,4,7,11,19,23,26,10,"81,550,264",0,0,
2004/7/25,2004058,1,8,11,12,27,31,12,"78,945,786",0,0,
2004/7/22,2004057,5,21,23,25,28,32,4,"78,588,992",0,0,
2004/7/18,2004056,1,20,21,25,29,30,2,"82,258,324",0,0,
2004/7/15,2004055,6,8,19,25,29,32,7,"82,803,812",0,0,
2004/7/11,2004054,9,11,14,16,27,28,11,"79,867,882",0,0,
2004/7/8,2004053,2,3,4,9,24,25,2,"80,917,678",0,0,
2004/7/4,2004052,1,12,14,15,17,29,9,"78,771,600",0,0,
2004/7/1,2004051,2,3,9,10,15,29,11,"77,098,174",0,0,
2004/6/27,2004050,6,7,19,21,25,29,2,"79,279,672",0,0,
2004/6/24,2004049,11,12,14,16,25,29,9,"82,759,940",0,0,
2004/6/20,2004048,8,9,11,16,17,29,9,"82,446,706",0,0,
2004/6/17,2004047,1,7,8,11,27,31,6,"83,699,424",0,0,
2004/6/13,2004046,7,15,16,22,23,32,14,"84,024,020",0,0,
2004/6/10,2004045,1,12,18,26,27,28,13,"87,139,276",0,0,
2004/6/6,2004044,2,6,7,12,31,32,5,"88,925,916",0,0,
2004/6/3,2004043,4,9,10,21,22,24,10,"88,243,112",0,0,
2004/5/30,2004042,6,10,13,17,18,21,2,"86,844,222",0,0,
2004/5/27,2004041,8,10,17,22,25,29,14,"87,199,902",0,0,
2004/5/23,2004040,7,17,19,20,21,29,11,"88,282,398",0,0,
2004/5/20,2004039,10,16,18,25,26,29,3,"89,037,042",0,0,
2004/5/16,2004038,11,16,17,25,28,29,7,"88,138,308",0,0,
2004/5/13,2004037,3,4,11,17,20,26,5,"88,267,394",0,0,
2004/5/9,2004036,2,13,17,18,26,30,1,"91,493,038",0,0,
2004/5/6,2004035,2,8,26,27,30,32,16,"80,558,094",0,0,
2004/5/2,2004034,2,7,13,20,27,30,14,"87,333,028",0,0,
2004/4/29,2004033,1,4,8,9,19,20,1,"95,181,550",0,0,
2004/4/25,2004032,2,5,8,11,15,31,13,"95,382,618",0,0,
2004/4/22,2004031,3,6,19,20,21,24,11,"93,249,470",0,0,
2004/4/18,2004030,1,7,9,17,26,31,5,"85,809,328",0,0,
2004/4/15,2004029,9,13,20,22,24,32,5,"88,313,002",0,0,
2004/4/11,2004028,1,2,3,5,10,22,12,"91,292,310",0,0,
2004/4/8,2004027,1,5,9,10,18,32,11,"89,134,080",0,0,
2004/4/4,2004026,4,10,14,18,28,32,15,"92,237,208",0,0,
2004/4/1,2004025,7,8,10,24,29,33,4,"96,888,986",0,0,
2004/3/28,2004024,1,13,21,23,25,32,6,"86,812,189",0,0,
2004/3/25,2004023,1,8,14,17,19,30,3,"76,833,710",0,0,
2004/3/21,2004022,3,10,14,19,20,30,6,"75,568,694",0,0,
2004/3/18,2004021,5,9,11,17,26,27,10,"73,472,684",0,0,
2004/3/14,2004020,1,2,9,22,28,31,4,"72,242,026",0,0,
2004/3/11,2004019,5,10,11,23,24,32,4,"70,336,884",0,0,
2004/3/7,2004018,2,5,6,8,28,30,6,"66,466,596",0,0,
2004/3/4,2004017,5,12,14,15,25,31,9,"64,576,288",0,0,
2004/2/29,2004016,4,7,8,28,30,32,5,"64,489,348",0,0,
2004/2/26,2004015,1,3,5,18,22,23,13,"67,256,520",0,0,
2004/2/22,2004014,3,7,11,17,20,26,12,"63,952,992",0,0,
2004/2/19,2004013,12,14,21,29,30,32,13,"64,366,718",0,0,
2004/2/15,2004012,1,7,27,30,31,33,8,"63,403,910",0,0,
2004/2/12,2004011,1,4,13,23,28,30,3,"64,816,706",0,0,
2004/2/8,2004010,6,7,8,13,14,19,15,"63,960,828",0,0,
2004/2/5,2004009,1,9,10,16,22,24,11,"62,089,966",0,0,
2004/2/1,2004008,1,7,10,22,32,33,13,"56,569,688",0,0,
2004/1/29,2004007,4,12,17,20,25,28,9,"55,455,670",0,0,
2004/1/18,2004006,4,12,18,20,23,32,6,"70,062,020",0,0,
2004/1/15,2004005,9,11,13,16,17,18,7,"67,960,088",0,0,
2004/1/11,2004004,10,19,22,23,25,29,9,"68,221,230",0,0,
2004/1/8,2004003,3,5,6,17,26,33,8,"68,220,442",0,0,
2004/1/4,2004002,10,12,18,22,30,31,11,"68,295,172",0,0,
2004/1/1,2004001,1,2,3,7,10,25,7,"66,703,336",0,0,
2003/12/28,2003089,18,19,21,26,27,33,16,"67,728,980",0,0,
2003/12/25,2003088,3,10,21,22,24,33,12,"64,097,276",0,0,
2003/12/21,2003087,2,3,4,5,24,28,13,"66,127,570",0,0,
2003/12/18,2003086,5,12,16,18,26,30,13,"64,581,496",0,0,
2003/12/14,2003085,1,4,11,12,19,27,14,"62,490,224",0,0,
2003/12/11,2003084,2,6,7,10,17,33,3,"62,314,966",0,0,
2003/12/7,2003083,1,3,14,18,26,28,1,"59,695,084",0,0,
2003/12/4,2003082,7,17,18,19,30,31,14,"61,740,044",0,0,
2003/11/30,2003081,1,2,14,26,29,30,7,"62,508,530",0,0,
2003/11/27,2003080,9,20,24,25,28,30,10,"61,168,028",0,0,
2003/11/23,2003079,12,15,22,23,26,31,4,"61,225,192",0,0,
2003/11/20,2003078,7,12,23,26,29,30,11,"61,385,292",0,0,
2003/11/16,2003077,4,12,16,22,24,25,6,"59,628,070",0,0,
2003/11/13,2003076,1,13,16,18,20,29,2,"58,283,200",0,0,
2003/11/9,2003075,16,17,19,22,31,33,11,"52,503,898",0,0,
2003/11/6,2003074,2,12,19,22,27,32,1,"59,866,792",0,0,
2003/11/2,2003073,2,12,14,21,23,30,13,"57,551,772",0,0,
2003/10/30,2003072,3,6,8,11,19,27,11,"63,510,334",0,0,
2003/10/26,2003071,9,11,12,14,15,33,11,"55,288,802",0,0,
2003/10/23,2003070,1,2,4,17,18,19,8,"48,248,338",0,0,
2003/10/19,2003069,7,11,16,19,26,28,11,"45,227,392",0,0,
2003/10/16,2003068,9,19,25,27,32,33,11,"46,972,102",0,0,
2003/10/12,2003067,5,11,12,13,27,31,10,"48,129,830",0,0,
2003/10/9,2003066,3,7,8,20,24,32,14,"45,124,280",0,0,
2003/10/5,2003065,6,15,16,17,30,33,11,"41,948,818",0,0,
2003/10/2,2003064,4,6,8,12,15,30,1,"40,925,392",0,0,
2003/9/28,2003063,5,8,9,14,21,33,11,"45,643,734",0,0,
2003/9/25,2003062,1,6,12,19,20,32,14,"40,972,030",0,0,
2003/9/21,2003061,3,5,20,21,28,32,2,"38,065,358",0,0,
2003/9/18,2003060,2,4,6,17,21,28,11,"35,595,266",0,0,
2003/9/14,2003059,2,3,5,6,18,30,4,"33,611,668",0,0,
2003/9/11,2003058,9,11,16,28,32,33,2,"31,985,104",0,0,
2003/9/7,2003057,18,19,24,25,30,31,16,"32,781,224",0,0,
2003/9/4,2003056,8,17,21,26,28,29,7,"32,664,536",0,0,
2003/8/31,2003055,6,13,16,21,28,31,16,"29,508,178",0,0,
2003/8/28,2003054,2,5,9,21,31,33,12,"29,449,334",0,0,
2003/8/24,2003053,15,19,20,21,28,29,13,"29,854,724",0,0,
2003/8/21,2003052,1,12,13,23,30,31,11,"28,371,758",0,0,
2003/8/17,2003051,4,13,15,17,24,27,1,"24,831,800",0,0,
2003/8/14,2003050,2,8,17,23,24,26,13,"28,450,710",0,0,
2003/8/10,2003049,3,6,7,13,24,25,15,"27,734,490",0,0,
2003/8/7,2003048,10,12,20,28,30,31,9,"27,557,888",0,0,
2003/8/3,2003047,3,17,26,28,32,33,16,"28,355,638",0,0,
2003/7/31,2003046,7,8,10,11,17,26,11,"27,144,542",0,0,
2003/7/27,2003045,3,7,14,15,17,32,3,"26,657,064",0,0,
2003/7/24,2003044,2,5,9,16,32,33,15,"26,537,776",0,0,
2003/7/20,2003043,2,8,10,19,20,32,13,"27,416,990",0,0,
2003/7/17,2003042,3,5,7,10,15,20,7,"26,607,702",0,0,
2003/7/13,2003041,2,3,17,18,24,25,11,"28,265,402",0,0,
2003/7/10,2003040,4,5,6,12,14,23,16,"27,328,054",0,0,
2003/7/6,2003039,3,5,23,24,27,32,3,"27,694,202",0,0,
2003/7/3,2003038,5,7,8,24,25,27,16,"26,782,590",0,0,
2003/6/29,2003037,9,14,17,18,26,32,7,"26,257,640",0,0,
2003/6/26,2003036,7,21,24,25,27,28,15,"25,054,376",0,0,
2003/6/22,2003035,3,4,5,8,10,11,8,"25,179,768",0,0,
2003/6/19,2003034,8,13,14,16,23,25,14,"22,899,946",0,0,
2003/6/15,2003033,1,7,14,20,27,30,10,"22,266,754",0,0,
2003/6/12,2003032,4,11,25,27,29,30,13,"20,115,568",0,0,
2003/6/8,2003031,11,17,20,22,28,32,1,"18,101,608",0,0,
2003/6/5,2003030,2,6,13,14,23,27,7,"16,765,384",0,0,
2003/6/1,2003029,2,7,15,26,29,32,10,"17,515,374",0,0,
2003/5/29,2003028,6,13,16,20,28,32,7,"17,442,014",0,0,
2003/5/25,2003027,1,11,14,17,27,28,15,"17,626,250",0,0,
2003/5/22,2003026,8,13,15,26,29,31,16,"16,245,314",0,0,
2003/5/18,2003025,1,5,11,13,14,27,12,"16,536,260",0,0,
2003/5/15,2003024,2,7,15,17,22,30,14,"15,035,104",0,0,
2003/5/11,2003023,1,10,20,22,26,31,2,"15,374,822",0,0,
2003/5/8,2003022,2,7,11,12,14,32,8,"13,869,188",0,0,
2003/5/4,2003021,14,15,18,25,26,30,1,"13,537,342",0,0,
2003/5/1,2003020,7,10,25,26,27,32,4,"14,670,860",0,0,
2003/4/27,2003019,4,8,12,13,16,33,9,"15,159,580",0,0,
2003/4/24,2003018,5,16,19,20,25,28,13,"14,339,392",0,0,
2003/4/20,2003017,5,8,18,23,25,31,6,"14,451,270",0,0,
2003/4/17,2003016,11,17,28,30,31,33,6,"13,098,324",0,0,
2003/4/13,2003015,4,11,19,25,26,32,13,"13,460,134",0,0,
2003/4/10,2003014,3,5,7,8,21,31,2,"12,476,130",0,0,
2003/4/6,2003013,8,13,17,21,23,32,12,"12,611,880",0,0,
2003/4/3,2003012,2,12,16,17,27,30,12,"12,307,262",0,0,
2003/3/30,2003011,4,5,11,12,30,32,15,"12,782,494",0,0,
2003/3/27,2003010,1,2,8,13,17,24,13,"12,402,130",0,0,
2003/3/23,2003009,5,9,18,20,22,30,9,"12,386,072",0,0,
2003/3/20,2003008,5,8,9,14,17,23,8,"11,696,278",0,0,
2003/3/16,2003007,1,9,19,21,23,26,7,"12,124,030",0,0,
2003/3/13,2003006,1,3,10,21,26,27,6,"10,919,658",0,0,
2003/3/9,2003005,4,6,15,17,30,31,16,"10,661,438",0,0,
2003/3/6,2003004,4,6,7,10,13,25,3,"9,517,794",0,0,
2003/3/2,2003003,1,7,10,23,28,32,16,"8,917,960",0,0,
2003/2/27,2003002,4,9,19,20,21,26,12,"7,398,870",0,0,
2003/2/23,2003001,10,11,12,13,26,28,11,"10,307,806",0,0,
